1	的
2	N	壹
3	是
4	不
5	了
6	人
7	我
8	在
9	有
10	他
11	这	這
12	中
13	大
14	来	來
15	上
16	国	國
17	个	個	箇
18	到
19	说	說
20	们	們
21	为	為
22	子
23	和
24	你
25	地
26	出
27	道
28	也
29	时	時
30	年
31	得
32	就
33	那
34	要
35	下
36	以
37	生
38	会	會
39	自
40	着	著
41	去
42	之
43	过	過
44	家
45	学	學
46	对	對
47	可
48	她
49	里
50	后
51	小
52	么
53	心
54	多
55	天
56	而
57	能
58	好
59	都
60	然
61	没	沒
62	日
63	于
64	起
65	还	還
66	发
67	成
68	事
69	只	祇
70	作
71	当
72	想
73	看
74	文
75	无	無
76	开	開
77	手
78	十	拾
79	用
80	主
81	行
82	方
83	又
84	如
85	前
86	所
87	本
88	见	見
89	经	經
90	头	頭
91	面
92	公
93	同
94	三	叁
95	已
96	老
97	从	從
98	动	動
99	两	兩
100	长	長
101	知
102	民
103	样	樣
104	现	現
105	分
106	将	將
107	外
108	但
109	身
110	些
111	与	與
112	高
113	意
114	进	進
115	把
116	法
117	此
118	实	實
119	回
120	二	贰
121	理
122	美
123	点	點
124	月
125	明
126	其
127	种	種
128	声	聲
129	全
130	工
131	己
132	话	話
133	儿	兒
134	者
135	向
136	情
137	部
138	正
139	名
140	定
141	女
142	问	問
143	力
144	机	機
145	给	給
146	等
147	几
148	很
149	业	業
150	最
151	间	間
152	新
153	什	甚
154	打
155	便
156	位
157	因
158	重
159	被
160	走
161	电	電
162	四	肆
163	第
164	门	門
165	相
166	次
167	东	東
168	政
169	海
170	口
171	使
172	教
173	西
174	再
175	平
176	真
177	听	聽
178	世
179	气	氣
180	信
181	北
182	少
183	关	關
184	并
185	内	內
186	加
187	化
188	由
189	却	卻
190	代
191	军	軍
192	产	產
193	入
194	先
195	山
196	五	伍
197	太
198	水
199	万	萬
200	市
201	眼
202	体	體
203	别	別	彆
204	处	處
205	总	總
206	才	纔
207	场	場
208	师	師
209	书	書
210	比
211	住
212	员	員
213	九	玖
214	笑
215	性
216	通
217	目
218	华	華
219	报	報
220	立
221	马	馬
222	命
223	张	張
224	活
225	难	難
226	神
227	数	數
228	件
229	安
230	表
231	原
232	车	車
233	白
234	应	應
235	路
236	期
237	叫
238	死
239	常
240	提
241	感
242	金
243	何
244	更
245	反
246	合
247	放
248	做
249	系
250	计	計
251	或
252	司
253	利
254	受
255	光
256	王
257	果
258	亲	親
259	界
260	及
261	今
262	京
263	务	務
264	制
265	解
266	各
267	任
268	至
269	清
270	物
271	台
272	象
273	记	記
274	边	邊
275	共
276	风	風
277	战	戰
278	干
279	接
280	它
281	许	許
282	八	捌
283	特
284	觉	覺
285	望
286	直
287	服
288	毛
289	林
290	题	題
291	建
292	南
293	度
294	统	統
295	色
296	字
297	请	請
298	交
299	爱	愛
300	让	讓
301	认	認
302	算
303	论	論
304	百	佰
305	吃
306	义	義
307	科
308	怎
309	元
310	社
311	术	術
312	结	結
313	六	陆	陸
314	功
315	指
316	思
317	非
318	流
319	每
320	青
321	管
322	夫
323	连	連
324	远	遠
325	资	資
326	队	隊
327	跟
328	带	帶
329	花
330	快
331	条	條
332	院
333	变	變
334	联	聯
335	言
336	权	權
337	往
338	展
339	该	該
340	领	領
341	传	傳
342	近
343	留
344	红	紅
345	治
346	决	決
347	周
348	保
349	达	達
350	办	辦
351	运	運
352	武
353	半
354	候
355	七	柒
356	必
357	城
358	父
359	强	強	彊
360	步
361	完
362	革
363	深
364	区	區
365	即
366	求
367	品
368	士
369	转	轉
370	量
371	空
372	甚
373	众	眾
374	技
375	轻	輕
376	程
377	告
378	江
379	语	語
380	英
381	基
382	派
383	满	滿
384	式
385	李
386	息
387	写	寫
388	呢
389	识	識
390	极	極
391	令
392	黄	黃
393	德
394	收
395	脸	臉
396	钱	錢
397	党	黨
398	倒
399	未
400	持
401	取
402	设	設
403	始
404	版
405	双	雙
406	历
407	越
408	史
409	商
410	千	仟
411	片
412	容
413	研
414	像
415	找
416	友
417	孩
418	站
419	广	廣
420	改
421	议	議
422	形
423	委
424	早
425	房
426	音
427	火
428	际	際
429	则	則
430	首
431	单	單
432	据	據
433	导	導
434	影
435	失
436	拿
437	网	網
438	香
439	似
440	斯
441	专	專	耑
442	石
443	若
444	兵
445	弟
446	谁	誰
447	校
448	读	讀
449	志
450	飞	飛
451	观	觀
452	争	爭
453	究
454	包
455	组	組
456	造
457	落
458	视	視
459	济	濟
460	喜
461	离	離
462	虽	雖
463	坐
464	集
465	编	編
466	宝	寶
467	谈	談
468	府
469	拉
470	黑
471	且
472	随	隨
473	格
474	尽
475	剑	劍
476	讲	講
477	布
478	杀	殺
479	微
480	怕
481	母
482	调	調
483	局
484	根
485	曾
486	准
487	团	團
488	段
489	终	終
490	乐	樂
491	切
492	级	級
493	克
494	精
495	哪
496	官
497	示
498	冲
499	竟
500	乎
501	男
502	举	舉
503	客
504	证	證	証
505	苦
506	照
507	注
508	费	費
509	足
510	尔	爾
511	招
512	群
513	热	熱
514	推
515	晚
516	响	響
517	称	稱
518	兴	興
519	待
520	约	約
521	阳	陽
522	哥
523	惊	驚
524	吗	嗎
525	整
526	支
527	古
528	汉	漢
529	突
530	号	號
531	绝	絕
532	选	選
533	吧
534	参	參
535	刊
536	亚	亞
537	复
538	伤	傷
539	类	類
540	备	備
541	欢	歡
542	另
543	港
544	势	勢
545	刻
546	星
547	断	斷
548	陈	陳
549	掌
550	农	農
551	夜
552	般
553	念	唸
554	价
555	脑	腦
556	规	規
557	底
558	故
559	省
560	妈	媽
561	刚	剛
562	句
563	显	顯
564	消
565	衣
566	陆	陸
567	器
568	确	確
569	破
570	具
571	居
572	批
573	送
574	泽	澤
575	紧	緊
576	帮	幫
577	线	線
578	存
579	愿	願
580	奇
581	害
582	增
583	杨	楊
584	料
585	州
586	节	節
587	左
588	装	裝
589	易
590	著
591	急
592	久
593	低
594	岁	歲
595	需
596	酒
597	河
598	初
599	游
600	严	嚴
601	铁	鐵
602	族
603	除
604	份
605	敢
606	胡
607	血
608	企
609	仍
610	投
611	闻	聞
612	斗
613	纪	紀
614	脚	腳
615	右
616	苏	蘇
617	标	標
618	饭	飯
619	云
620	病
621	医	醫
622	阿
623	答
624	土
625	况	況
626	境
627	软	軟
628	考
629	娘
630	村
631	刀
632	击	擊
633	仅	僅
634	查
635	引
636	朝
637	育
638	续	續
639	独	獨
640	罗	羅
641	买	買
642	户	戶
643	护	護
644	喝
645	朋
646	供
647	责	責
648	项	項
649	背
650	余
651	希
652	卫	衛
653	列
654	图	圖
655	室
656	乱	亂
657	刘	劉
658	爷	爺
659	龙	龍
660	咱
661	章
662	席
663	错	錯
664	兄
665	暗
666	创	創
667	排
668	春
669	须
670	承
671	案
672	忙
673	呼
674	树	樹
675	痛
676	沉
677	啊
678	灵	靈
679	职	職
680	乡	鄉
681	细	細
682	诉	訴
683	态	態
684	停
685	印
686	笔	筆
687	夏
688	助
689	福
690	块	塊
691	冷
692	球
693	姑
694	划
695	既
696	质	質
697	巴
698	致
699	湾	灣
700	演
701	木
702	韦	韋
703	怪
704	围	圍
705	静	靜
706	旁
707	园	園
708	否
709	副
710	辑	輯
711	采
712	食
713	登
714	够	夠
715	赛	賽
716	米
717	假
718	较	較
719	姐
720	楼	樓
721	获
722	孙	孫
723	宣
724	穿
725	诗	詩
726	歌
727	速
728	忽
729	堂
730	敌	敵
731	试	試
732	谢	謝
733	央
734	怀	懷
735	顾	顧
736	验	驗
737	营	營
738	止
739	姓
740	养	養
741	丽	麗
742	属	屬
743	景
744	郭
745	依
746	威
747	按
748	恶	惡
749	慢
750	座
751	罪
752	维	維
753	渐	漸
754	胜	勝
755	藏
756	皇
757	街
758	激
759	异	異
760	摘
761	角
762	瞧
763	负	負
764	施
765	模
766	草
767	某
768	银	銀
769	露
770	阵	陣
771	值
772	班
773	层	層
774	修
775	差
776	味
777	织	織
778	药	藥
779	馆	館
780	密
781	亮
782	律
783	习	習
784	田
785	简	簡
786	免
787	毒
788	归	歸
789	波
790	型
791	屋
792	换	換
793	救
794	寄
795	帝
796	退
797	洋
798	丝	絲
799	湖
800	睡
801	劳	勞
802	妇	婦
803	伯
804	尼
805	皮
806	祖
807	雄
808	婚
809	康
810	评	評
811	追
812	哈
813	络	絡
814	店
815	翻
816	环	環
817	礼	禮
818	跑
819	超
820	叶
821	压	壓
822	占
823	均
824	永
825	烈
826	奖	獎
827	婆
828	赶	趕
829	富
830	兰	蘭
831	录	錄
832	画	畫
833	遇
834	顿	頓
835	艺	藝
836	普
837	判
838	源
839	亿	億
840	素
841	船
842	继	繼
843	尚
844	嘴
845	察
846	雨
847	优	優
848	您
849	险	險
850	烟
851	阶	階
852	担	擔
853	散
854	板
855	钟
856	访	訪
857	妹
857	伸
859	佛
860	限
861	讨	討
862	临	臨
863	吴	吳
864	摇	搖
865	跳
866	曲
867	练	練
868	构	構
869	玩
870	玉
871	犯
872	厂	廠
873	肯
874	协	協
875	幸
876	挥	揮
877	效
878	齐	齊
879	封
880	温	溫
881	疑
882	肉
883	攻
884	纸	紙
885	策
886	充
887	顶	頂
888	寻	尋
889	宁	寧
890	沙
891	防
892	抓
893	例
894	股
895	卖	賣
896	顺	順
897	警
898	梦	夢
899	剧	劇
900	善
901	蒙
902	票
903	良
904	范
905	坚	堅
906	端
907	靠
908	杂	雜
909	贵	貴
910	怒
911	稿
912	拍
913	率
914	旧	舊
915	掉
916	啦
917	莫
918	授
919	守
920	油
921	恩
922	积	積
923	益
924	县	縣
925	哭
926	罢	罷
927	庭
928	窗
929	扬	揚
930	忘
931	午
932	卡
933	雪
934	菜
935	牌
936	牛
937	脱	脫
938	博
939	丈
940	弹	彈
941	洲
942	松
943	坏
944	邓	鄧
945	鲜	鮮
946	短
947	毕	畢
948	置
949	楚
950	欧	歐
951	略
952	智
953	岛	島
954	抗
955	妻
956	抱
957	载	載
958	败	敗
959	枪	槍
960	适	適
961	虚	虛
962	预	預
963	睛
964	刺
965	爹
966	纷	紛
967	介
968	括
969	销	銷
970	降
971	鱼	魚
972	奔
973	忍
974	宗
975	盘	盤
976	耳
977	野
978	讯	訊
979	配
980	禁
981	索
982	赵	趙
983	默
984	徒
985	架
986	灯	燈
987	峰
988	状	狀
989	款
990	移
991	爸
992	托
993	洪
994	升
995	伙
996	订	訂
997	毫
998	狐
999	镇	鎮
1000	床
1001	互
1002	套
1003	旅
1004	逃
1005	骂	罵
1006	输	輸
1007	唱
1008	靖
1009	秘
1010	词	詞
1011	困
1012	泪	淚
1013	熟
1014	财	財
1015	鬼
1016	骨
1017	申
1018	欲
1019	征
1020	私
1021	舞
1022	秋
1023	巨
1024	迎
1025	秀
1026	搞
1027	丁
1028	吸
1029	审	審
1030	遍
1031	墙	牆
1032	朱
1033	圣	聖
1034	避
1035	跃	躍
1036	忌
1037	桌
1038	执	執
1039	悲
1040	域
1041	晓	曉
1042	弄
1043	亡
1044	桥	橋
1045	辈	輩
1046	闪	閃
1047	隐	隱
1048	劲	勁
1049	闹	鬧
1050	恐
1051	呀
1052	付
1053	敬
1054	监	監
1055	厅	廳
1056	库	庫
1057	震
1058	材
1059	冰
1060	醒
1061	庆	慶
1062	绿	綠
1063	腿
1064	述
1065	徐
1066	尊
1067	硬
1068	额	額
1069	误	誤
1070	借
1071	纳	納
1072	折
1073	售
1074	遗	遺
1075	暴
1076	缺
1077	迷
1078	鲁	魯
1079	探
1080	货	貨
1081	童
1082	缓	緩
1083	伟	偉
1084	君
1085	庄	莊
1086	凡
1087	危
1088	烧	燒
1089	彩
1090	抢	搶
1091	控
1092	胸
1093	戏	戲
1094	篇
1095	趣
1096	束
1097	谓	謂
1098	概
1099	射
1100	课	課
1101	洞
1102	麻
1103	杯
1104	透
1105	邮	郵
1106	荣	榮
1107	懂
1108	拥	擁
1109	献	獻
1110	洗
1111	休
1112	迫
1113	叹	嘆
1114	狗
1115	偷
1116	阴	陰
1117	汽
1118	拜
1119	横	橫
1120	鼓
1121	健
1122	厚
1123	签	簽
1124	丹
1125	洛
1126	喊
1127	蓉
1128	轮	輪
1129	岸
1130	奶
1131	淡
1132	潮
1133	训	訓
1134	圆	圓
1135	卷
1136	释	釋
1137	诸	諸
1138	妙
1139	唯
1140	夺	奪
1141	逐
1142	燕
1143	呆
1144	测	測
1145	浪
1146	抽
1147	盖	蓋
1148	偏
1149	阅	閱
1150	购	購
1151	途
1152	纵	縱
1153	耶
1154	摸
1155	挂	掛
1156	航
1157	择	擇
1158	恨
1159	舍
1160	拳
1161	竹
1162	唐
1163	誉	譽
1164	乘
1165	弱
1166	检	檢
1167	宫	宮
1168	仪	儀
1169	旗
1170	含
1171	袁
1172	址
1173	摆	擺
1174	奥	奧
1175	番
1176	混
1177	灭	滅
1178	握
1179	牙
1180	虑	慮
1181	召
1182	猛
1183	宽	寬
1184	盛
1185	核
1186	袋
1187	绍	紹
1188	补	補
1189	典
1190	圈
1191	丰
1192	雅
1193	吉
1194	赞	贊
1195	茶
1196	亦
1197	谷
1198	稳	穩
1199	汇
1200	厉	厲
1201	届	屆
1202	迹	跡
1203	雷
1204	序
1205	寒
1206	附
1207	鸡	雞
1208	遭
1209	挑
1210	肩
1211	忆	憶
1212	柔
1213	戴
1214	惜
1215	隔
1216	豪
1217	诚	誠
1218	瑞
1219	减	減
1220	播
1221	麼
1222	针	針
1223	棋
1224	竞	競
1225	臂
1226	挺
1227	操
1228	腰
1229	狂
1230	替
1231	梅
1232	固
1233	伦	倫
1234	宋
1235	钢	鋼
1236	诺	諾
1237	残	殘
1238	延
1239	虎
1240	迅
1241	灾	災
1242	悄
1243	岳
1244	乔	喬
1245	川
1246	仇
1247	季
1248	吹
1249	粮	糧
1250	聚
1251	译	譯
1252	珠
1253	叔
1254	谋	謀
1255	础	礎
1256	仁
1257	损	損
1258	融
1259	辆	輛
1260	净	淨
1261	敏
1262	伊
1263	仙
1264	巧
1265	零
1266	累
1267	享
1268	伴
1269	荡	蕩
1270	珍
1271	勇
1272	末
1273	奋	奮
1274	胆	膽
1275	弃	棄
1276	烦	煩
1277	糊
1278	犹	猶
1279	税	稅
1280	培
1281	抵
1282	僧
1283	锋	鋒
1284	乃
1285	遥	遙
1286	摩
1287	坦
1288	後(S后
1289	眉
1290	餐
1291	惯	慣
1292	凭	憑
1293	冠
1294	抬
1295	碰
1296	币	幣
1297	启	啟
1298	码	碼
1299	冒
1300	汗
1301	俗
1302	灰
1303	督
1304	穷	窮
1305	颇	頗
1306	倾	傾
1307	尖
1308	韩	韓
1309	贸	貿
1310	仿
1311	孤
1312	飘	飄
1313	漫
1314	予
1315	紫
1316	侧	側
1317	沿
1318	拔
1319	袖
1320	梁
1321	赏	賞
1322	幕
1323	壁
1324	旦
1325	晨
1326	纯	純
1327	闭	閉
1328	凉	涼
1329	扫	掃
1330	尤
1331	炮
1332	碗
1333	贴	貼
1334	插
1335	滚	滾
1336	缘	緣
1337	寺
1338	贝	貝
1339	润	潤
1340	氏
1341	冬
1342	扩	擴
1343	栏	欄
1344	荒
1345	哲
1346	逼
1347	吓	嚇
1348	堆
1349	撞
1350	郎
1351	俩	倆
1352	蓝	藍
1353	闲	閑
1354	辛
1355	镜	鏡
1356	陪
1357	骑	騎
1358	蛋
1359	促
1360	羊
1361	宜
1362	嘛
1363	颜	顏
1364	贫	貧
1365	幅
1366	驻	駐
1367	萍
1368	污
1369	杰	傑
1370	扑	撲
1371	壮	壯
1372	萨	薩
1373	刑
1374	忧	憂
1375	貌
1376	狱	獄
1377	塞
1378	凤	鳳
1379	孔
1380	触	觸
1381	恋	戀
1382	岂	豈
1383	森
1384	繁
1385	碎
1386	津
1387	侠	俠
1388	隆
1389	迟	遲
1390	辉	輝
1391	狠
1392	析
1393	缩	縮
1394	穴
1395	萧	蕭
1396	怨
1397	磨
1398	伏
1399	辞	辭
1400	泥
1401	龄	齡
1402	径	徑
1403	鼻
1404	赖	賴
1405	仰
1406	愤	憤
1407	慕
1408	俄
1409	映
1410	询	詢
1411	惨	慘
1412	麦	麥
1413	宿
1414	倍
1415	粗
1416	腾	騰
1417	稍
1418	截
1419	染
1420	乌	烏
1421	愈
1422	岗	崗
1423	柳
1424	铺	鋪
1425	涉
1426	疾
1427	挡	擋
1428	奉
1429	踏
1430	忠
1431	伍
1432	躲
1433	籍
1434	努
1435	朗
1436	箱
1437	裁
1438	帐	帳
1439	兼
1440	彼
1441	霞
1442	猪	豬
1443	悉
1444	扎
1445	劝	勸
1446	薄
1447	筑	築
1448	俊
1449	鞋
1450	距
1451	侵
1452	欣
1453	挤	擠
1454	媒
1455	吐
1456	魂
1457	洁	潔
1458	枝
1459	盈
1460	阻
1461	陷
1462	甲
1463	郑	鄭
1464	鸣	鳴
1465	倘
1466	剩
1467	颗	顆
1468	拖
1469	舒
1470	惠
1471	昏
1472	振
1473	戒
1474	丧	喪
1475	焦
1476	爬
1477	凌
1478	慧
1479	偶
1480	晃
1481	桃
1482	赤
1483	烂	爛
1484	骗	騙
1485	措
1486	页	頁
1487	凶
1488	泰
1489	尸	屍
1490	坡
1491	勒
1492	疗	療
1493	塔
1494	尘	塵
1495	躺
1496	殊
1497	慰
1498	坛
1499	甘
1500	咬
1501	拒
1502	彪
1503	炸
1504	井
1505	崇
1506	饮	飲
1507	祝
1508	汪
1509	牢
1510	桂
1511	尾
1512	漂
1513	聊
1514	撒
1515	恰
1516	凝
1517	矛
1518	於
1519	宾	賓
1520	绪	緒
1521	彭
1522	肚
1523	匆
1524	描
1525	粉
1526	贼	賊
1527	乏
1528	盾
1529	愁
1530	斜
1531	裂
1532	滑
1533	斐
1534	废	廢
1535	寂
1536	涌
1537	详	詳
1538	汤	湯
1539	彻	徹
1540	玄
1541	斤
1542	轰	轟
1543	奸
1544	怜	憐
1545	朵
1546	佳
1547	皆
1548	鸟	鳥
1549	邦
1550	扶
1551	毁	毀
1552	聪	聰
1553	辩	辯
1554	瓶
1555	饿	餓
1556	蛇
1557	捕
1558	搬
1559	沈
1560	枫	楓
1561	舅
1562	幽
1563	魔
1564	琴
1565	挣	掙
1566	聘
1567	弯	彎
1568	墓
1569	欺
1570	悟
1571	蒋	蔣
1572	臣
1573	返
1574	违	違
1575	亏	虧
1576	丢	丟
1577	援
1578	赫
1579	魏
1580	耐
1581	佩
1582	酸
1583	盟
1584	胖
1585	傻
1586	绕	繞
1587	哼
1588	秦
1589	屈
1590	辱
1591	昨
1592	瘦
1593	暂	暫
1594	箭
1595	署
1596	赴
1597	递	遞
1598	猜
1599	潜	潛
1600	鸿	鴻
1601	绩	績
1602	耀
1603	涂	塗
1604	割
1605	豆
1606	闷	悶
1607	亭
1608	祥
1609	励	勵
1610	宇
1611	泛
1612	狼
1613	悔
1614	搭
1615	舰	艦
1616	浮
1617	牵	牽
1618	符
1619	肃	肅
1620	奴
1621	爆
1622	姊
1623	幼
1624	夹	夾
1625	邀
1626	疯	瘋
1627	允
1628	恼	惱
1629	租
1630	椅
1631	尺
1632	侍
1633	腐
1634	颤	顫
1635	扭
1636	菲
1637	瓦
1638	擦
1639	辣
1640	奏
1641	殷
1642	埋
1643	摔
1644	盼
1645	吟
1646	渡
1647	衫
1648	跨
1649	醉
1650	艰	艱
1651	掩
1652	荷
1653	苍	蒼
1654	旋
1655	揭
1656	桑
1657	仗
1658	莲	蓮
1659	钻	鑽
1660	宏
1661	幻
1662	刃
1663	峡	峽
1664	辽	遼
1665	娃
1666	凯	凱
1667	患
1668	障
1669	丐
1670	衡
1671	猫	貓
1672	丑
1673	涛	濤
1674	暖
1675	溜
1676	锅	鍋
1677	奈
1678	罚	罰
1679	拾
1680	浓	濃
1681	键	鍵
1682	脉	脈
1683	锁	鎖
1684	邻	鄰
1685	臭
1686	芳
1687	垂
1688	捉
1689	恢
1690	姆
1691	砍
1692	驾	駕
1693	恭
1694	挨
1695	祸	禍
1696	曹
1697	慈
1698	抖
1699	泉
1700	览	覽
1701	澳
1702	脏
1703	疼
1704	铜	銅
1705	羞
1706	档	檔
1707	抛	拋
1708	苗
1708	惑
1710	肥
1711	驱	驅
1712	窝	窩
1713	裤	褲
1714	估
1715	胞
1716	柄
1717	阔	闊
1718	杜
1719	勤
1720	舟
1721	帽
1722	玛	瑪
1723	撤
1724	频	頻
1725	禅	禪
1726	柯
1727	莱	萊
1728	堪
1729	寸
1730	哀
1731	熊
1732	腹
1733	尝	嘗
1734	敲
1735	勃
1736	巡
1737	盗	盜
1738	筹	籌
1739	扣
1740	池
1741	浅	淺
1742	柴
1743	埃
1744	嫁
1745	枚
1746	稀
1747	雕
1748	厌	厭
1749	瓜
1750	寿	壽
1751	跌
1752	扯
1753	董
1754	锦	錦
1755	鉴	鑒
1756	刷
1757	趋	趨
1758	捐
1759	傲
1760	贯	貫
1761	殿
1762	拨	撥
1763	逊	遜
1764	踢
1765	赔	賠
1766	姿
1767	迁	遷
1768	黎
1769	祭
1770	滴
1771	袭	襲
1772	慌
1773	鞭
1774	茫
1775	逢
1776	屠
1777	昆
1778	柏
1779	驶	駛
1780	咐
1781	植
1782	惧	懼
1783	纽	紐
1784	捷
1785	圳
1786	牲
1787	踪	蹤
1788	丛	叢
1789	漠
1790	锐	銳
1791	喇
1792	乾
1793	霍
1794	湿	濕
1795	睁	睜
1796	仔
1797	吵
1798	悠
1799	沟	溝
1800	墨
1801	串
1802	俱
1803	陶
1804	贡	貢
1805	浑	渾
1806	赢	贏
1807	屁
1808	驰	馳
1809	棒
1810	匹
1811	拼
1812	恒	恆
1813	邪
1814	脆
1815	糟
1816	扮
1817	贤	賢
1818	饰	飾
1819	偿	償
1820	拆
1821	缠	纏
1822	摄	攝
1823	拟	擬
1824	滋
1825	嘿
1826	旨
1827	闯	闖
1828	贺	賀
1829	翠
1830	缝	縫
1831	饱	飽
1832	劫
1833	抚	撫
1834	挖
1835	册	冊
1836	叛
1837	肖
1838	熙
1839	炼	煉
1840	宪	憲
1841	庙	廟
1842	碧
1843	盒
1844	谊	誼
1845	储	儲
1846	冯	馮
1847	唤	喚
1848	贪	貪
1849	卧	臥
1850	翼
1851	扰	擾
1852	胁	脅
1853	跪
1854	碑
1855	呵
1856	甜
1857	洒
1858	谱	譜
1859	莎
1860	娜
1861	阁	閣
1862	庸
1863	鹏	鵬
1864	覆
1865	玲
1866	侯
1867	抹
1868	卢	盧
1869	碍	礙
1870	综	綜
1871	丘
1872	晕	暈
1873	拦	攔
1874	燃
1875	昌
1876	吞
1877	嫌
1878	狄
1879	押
1880	舌
1881	琳
1882	雾	霧
1883	曼
1884	耻	恥
1885	柜
1886	摊	攤
1887	削
1888	戚
1889	杆
1890	岩
1891	喂
1892	扔
1893	逝
1894	诞	誕
1895	悬	懸
1896	爽
1897	崔
1898	廷
1899	凑	湊
1900	痴
1901	盆
1902	御
1903	酷
1904	艾
1905	唉
1906	姥
1907	笼	籠
1908	颠	顛
1909	姻
1910	携	攜
1911	愧
1912	芬
1913	穆
1914	扇
1915	郁
1916	掷	擲
1917	怔
1918	芯
1919	鼠
1920	纠	糾
1921	疆
1922	曰
1923	傅
1924	袍
1925	唇
1926	稣	穌
1927	捧
1928	勾
1929	牧
1930	儒
1931	慨
1932	筋
1933	柱
1934	卑
1935	咽
1936	吨	噸
1937	虫	蟲
1938	绳	繩
1939	厨	廚
1940	冤
1941	涨	漲
1942	皱	皺
1943	疲
1944	赌	賭
1945	饶	饒
1946	矿	礦
1947	畅	暢
1948	煤
1949	腕
1950	喷	噴
1951	遣
1952	浩
1953	翁
1954	咨
1955	镖	鏢
1956	屏
1957	仲
1958	嘻
1959	吩
1960	棉
1961	孟
1962	撑	撐
1963	炉	爐
1964	泄
1965	葬
1966	搜
1967	添
1968	遵
1969	迪
1970	伪	偽
1971	兆
1972	欠
1973	谅	諒
1974	炎
1975	氛
1976	杖
1977	瞎
1978	钓	釣
1979	肠	腸
1980	披
1981	剥	剝
1982	誓
1983	赚	賺
1984	役
1985	泡
1986	逆
1987	矮
1988	吊
1989	填
1990	嘉
1991	烛	燭
1992	厦	廈
1993	夕
1994	衰
1995	液
1996	薛
1997	仆
1998	迈	邁
1999	齿	齒
2000	谨	謹
2001	呈
2002	昂
2003	抄
2004	弥	彌
2005	渴
2006	梯
2007	疏
2008	耗
2009	瞪
2010	斥
2011	夸	誇
2012	蒂
2013	剪
2014	娶
2015	痕
2016	弗
2017	姚
2018	债	債
2019	妥
2020	璃
2021	掏
2022	刹	剎
2023	晶
2024	衷
2025	肤	膚
2026	鹿
2027	拓
2028	卓
2029	症	癥
2030	糖
2031	钦	欽
2032	绵	綿
2033	哩
2034	诱	誘
2035	枯
2036	歇
2037	塑
2038	妨
2039	豫
2040	抑
2041	珊
2042	棍
2043	晋	晉
2044	淋
2045	悦	悅
2046	敦
2047	艳	艷
2048	玻
2049	砸
2050	嚷
2051	盲
2052	辨
2053	葛
2054	罕
2055	矩
2056	泳
2057	宅
2058	贷	貸
2059	膀
2060	捏
2061	颈	頸
2062	践	踐
2063	脖
2064	贾	賈
2065	轿	轎
2066	脾
2067	堡
2068	娇	嬌
2069	浙
2070	劣
2071	潇	瀟
2072	赐	賜
2073	陀
2074	蓄
2075	坟	墳
2076	颂	頌
2077	漏
2078	杭
2079	茅
2080	砖	磚
2081	瞬
2082	鹤	鶴
2083	辟
2084	渔	漁
2085	乖
2086	霸
2087	襄
2088	炒
2089	哑	啞
2090	浦
2091	饼	餅
2092	牺	犧
2093	滩	灘
2094	钉	釘
2095	吁
2096	锡	錫
2097	赠	贈
2098	哄
2099	铃	鈴
2100	顽	頑
2101	殖
2102	鹰	鷹
2103	蔡
2104	催
2105	芙
2106	彬
2107	拚
2108	轨	軌
2109	哟	喲
2110	歉
2111	盯
2112	硕	碩
2113	惹
2114	契
2115	愚
2116	帅	帥
2117	惶
2118	憾
2119	懒	懶
2120	姨
2121	喘
2122	兽	獸
2123	陌
2124	罩
2125	猎	獵
2126	嵩
2127	盐	鹽
2128	饥	飢
2129	凄
2130	喉
2131	宴
2132	腔
2133	翰
2134	膝
2135	陵
2136	蜂
2137	逻	邏
2138	劈
2139	廉
2140	裹
2141	骄	驕
2142	贩	販
2143	绘	繪
2144	崖
2145	辰
2146	涯
2147	戈
2148	坑
2149	遮
2150	擒
2151	蛮	蠻
2152	芷
2153	堵
2154	雇
2155	挽
2156	眠
2157	吻
2158	孝
2159	泊
2160	撕
2161	虹
2162	叙	敘
2163	粹
2164	勉
2165	竭
2166	歪
2167	慎
2168	棵
2169	朴
2170	械
2171	溪
2172	莉
2173	斑
2174	磕
2175	寡
2176	循
2177	斩	斬
2178	掠
2179	吕	呂
2180	昔
2181	郊
2182	爵
2183	徽
2184	磁
2185	俯
2186	谭	譚
2187	鼎
2188	拂
2189	俺
2190	嫂
2191	帕
2192	嗯
2193	冻	凍
2194	婉
2195	桐
2196	骆	駱
2197	泼	潑
2198	匠
2199	艇
2200	谦	謙
2201	妓
2202	菩
2203	厕	廁
2204	俘
2205	毅
2206	岭	嶺
2207	丫
2208	畏
2209	湘
2210	桶
2211	嗓
2212	煌
2213	鲍	鮑
2214	粒
2215	巷
2216	帘
2217	秃	禿
2218	腊
2219	仓	倉
2220	拐
2221	绑	綁
2222	啥
2223	荐	薦
2224	倪
2225	瑟
2226	廊
2227	鸭	鴨
2228	蜜
2229	诊	診
2230	棚
2231	掀
2232	筒
2233	媳
2234	纹	紋
2235	秒
2236	沾
2237	庞	龐
2238	蹲
2239	骚	騷
2240	歧
2241	艘
2242	芝
2243	哗	嘩
2244	亩	畝
2245	券
2246	趟
2247	巾
2248	淫
2249	谎	謊
2250	寞
2251	灌
2252	篮	籃
2253	妄
2254	搁	擱
2255	侄
2256	厢	廂
2257	叉
2258	俞
2259	伐
2260	宰
2261	瞒	瞞
2262	宙
2263	肿	腫
2264	漆
2265	怖
2266	吾
2267	吼
2268	侨	僑
2269	叠	疊
2270	啸	嘯
2271	罐
2272	肆
2273	裙
2274	泣
2275	胀	脹
2276	赋	賦
2277	熬
2278	趁
2279	咳
2280	愉
2281	恳	懇
2282	辜
2283	肌
2284	婴	嬰
2285	羽
2286	躬
2287	毙	斃
2288	拘
2289	叮
2290	哇
2291	晴
2292	谜	謎
2293	淮
2294	旺
2295	逸
2296	琼	瓊
2297	姜
2298	呜	嗚
2299	窜	竄
2300	颁	頒
2301	薪
2302	寨
2303	尿
2304	颊	頰
2305	逮
2306	卜
2307	昭
2308	浸
2309	刮
2310	宛
2311	嘱	囑
2312	囊
2313	寓
2314	驳	駁
2315	倡
2316	浴
2317	咕
2318	挪
2319	搏
2320	蓬
2321	晌
2322	渠
2323	兜
2324	喃
2325	夷
2326	沪	滬
2327	贱	賤
2328	魄
2329	舵
2330	晰
2331	僵
2332	糕
2333	裔
2334	秩
2335	倚
2336	塌
2337	恍
2338	钩	鉤
2339	嘲
2340	傍
2341	裕
2342	煮
2343	乳
2344	勿
2345	竖	豎
2346	惩	懲
2347	睹
2348	株
2349	绣	繡
2350	妖
2351	讶	訝
2352	咖
2353	纲	綱
2354	胎
2355	滨	濱
2356	耕
2357	嗤
2358	舱	艙
2359	娱	娛
2360	匪
2361	鸦	鴉
2362	胃
2363	躁
2364	狮	獅
2365	砰
2366	妮
2367	凛	凜
2368	龟	龜
2369	裸
2370	嫣
2371	甫
2372	窑	窯
2373	塘
2374	纤	纖
2375	宠	寵
2376	链	鏈
2377	拱
2378	尹
2379	掘
2380	坝	壩
2381	狭	狹
2382	铭	銘
2383	淳
2384	沐
2385	馨
2386	潘
2387	甩
2388	榜
2389	渊	淵
2390	羡
2391	侮
2392	卿
2393	兀
2394	喧
2395	履
2396	猴
2397	枉
2398	衬	襯
2399	畔
2400	凳
2401	缅	緬
2402	弦
2403	畜
2404	粞
2405	溢
2406	搂	摟
2407	乞
2408	旬
2410	缚	縛
2411	灿	燦
2412	舆	輿
2413	雁
2414	倦
2415	酬
2416	韵	韻
2417	媚
2418	堤
2419	攀
2420	窃	竊
2423	嫩
2425	遂
2428	澄
2429	侦	偵
2430	陕	陝
2431	陋
2432	笨
2433	匙
2434	沫
2435	耸	聳
2436	踩
2437	酱	醬
2438	壶	壺
2439	啡
2441	碌
2443	痒	癢
2444	鄙
2445	壳	殼
2447	贞	貞
2449	霉
2451	蠢
2452	芦	蘆
2453	胳
2455	矣
2456	焰
2457	脊
2459	囚
2460	辅	輔
2462	账	賬
2463	佐
2464	僚
2465	雀
2467	撰
2468	耍
2469	枕
2470	捡	撿
2472	涵
2473	逗
2475	粪	糞
2477	朦
2480	肝
2481	蒸
2482	滥	濫
2483	筷
2486	溃	潰
2487	隶	隸
2488	烤
2489	缸
2490	弓
2491	潭
2492	旷	曠
2494	哎
2495	峻
2497	爪
2498	怯
2499	茂
2500	芒
2501	肢
2503	稻
2504	兔
2505	圾
2506	喻
2510	框
2511	缴	繳
2512	蹈
2513	哨
2515	颖	穎
2516	菊
2518	喀
2519	妆	妝
2520	淹
2521	瓷
2523	淀
2524	蜡	蠟
2525	嚼
2526	剂	劑
2527	逛
2529	骤	驟
2530	暑
2531	襟
2534	庐	廬
2536	苹	蘋
2539	晒	曬
2540	悼
2543	昧
2544	拢	攏
2545	函
2546	胧	朧
2547	胶	膠
2550	抒
2551	乒
2552	讽	諷
2553	歹
2555	旱
2557	葡
2558	惟
2559	拣	揀
2560	耿
2561	廿
2563	桩	樁
2564	乙
2565	谣	謠
2567	坠	墜
2568	滞	滯
2569	孕
2570	诵	誦
2571	梳
2572	冈	岡
2573	肺
2575	丸
2576	霜
2577	汁
2578	纱	紗
2581	衔	銜
2583	腻	膩
2584	甸
2586	啤
2587	坎
2588	稼
2589	禾
2590	愣
2591	脂
2592	萄
2593	捞	撈
2594	搅	攪
2596	屑
2597	伞	傘
2598	蝶
2599	铸	鑄
2600	躯	軀
2601	稚
2602	腥
2603	藤
2607	陡
2609	烫	燙
2611	梨
2612	哦
2614	浆	漿
2616	僻
2617	坊
2619	焉
2620	隙
2621	淘
2622	垮
2624	滔
2627	酿	釀
2628	鹅	鵝
2629	兹	茲
2631	捣	搗
2634	栋	棟
2636	瑰
2637	敞
2638	癌
2640	缆	纜
2642	烁	爍
2643	玫
2645	诈	詐
2648	煞
2649	膜
2650	焚
2654	粘
2657	摧
2658	疫
2659	幢
2660	汝
2662	毯
2664	挫
2667	纺	紡
2668	朽
2671	锤	錘
2673	兑	兌
2675	辫	辮
2683	堕	墮
2684	笛
2686	觅	覓
2687	蔽
2688	谐	諧
2689	氓
2690	蔑
2694	沸
2696	藉
2698	卸
2700	熄
2701	扁
2702	炭
2703	慷
2704	篷
2706	眨
2709	譬
2711	叨
2712	蔬
2713	绸	綢
2714	婿
2716	寥
2719	浇	澆
2724	乓
2725	膏
2726	膛
2732	琢
2733	啪
2738	淑
2740	叭
2742	弊
2743	灶
2746	醋
2747	斌
2754	奠
2755	屯
2760	膨
2761	沦	淪
2762	缕	縷
2763	壤
2765	冶
2766	暇
2767	揉
2769	萝	蘿
2772	翔
2773	蛛
2776	栗
2780	荫	蔭
2783	讥	譏
2786	葱	蔥
2787	巩	鞏
2790	粥
2791	斋	齋
2793	迄
2794	帜	幟
2796	菌
2800	铅	鉛
2801	贿	賄
2802	绒	絨
2803	侣	侶
2805	锻	鍛
2806	谴	譴
2809	汹	洶
2810	敷
2813	宵
2815	讳	諱
2824	锣	鑼
2825	撼
2827	亨
2828	淌
2833	扛
2835	杉
2842	燥
2846	匀	勻
2848	渺
2849	碟
2851	嵌
2853	沃
2854	剖
2858	姬
2861	绰	綽
2864	嗦
2865	绞	絞
2867	轴	軸
2868	垒	壘
2869	噪
2870	蕴	蘊
2871	邵
2874	咋
2880	坪
2886	佣	傭
2888	卵
2890	昼	晝
2893	憋
2895	奎
2899	捂
2900	煎
2903	瞅
2904	蚀	蝕
2907	熔
2908	虾	蝦
2911	谬	謬
2914	绅	紳
2923	镶	鑲
2925	聋	聾
2928	募
2929	垄	壟
2932	彦	彥
2935	翘	翹
2936	趴
2937	杏
2960	彰
2967	阐	闡
2968	讼	訟
2970	枢	樞
2972	崭	嶄
2973	蒲
2974	泻	瀉
2978	俭	儉
2982	橡
2983	溶
2994	瀑
2997	扒
3000	琛
