的	的	的	de5	de	(possessive, modifying, or descriptive particle) | bull's eye | in reality	0
一	一	一	yi1	yī	one; once; a (article) (Kangxi radical 1)	0
是	是	是	shi4	shì	be; is; are; am	0
不	不	不	bu4	bù	no; not	0
了	了	了	le5	le	(particle for a new situation or completed action)	0
人	人	人	ren2	rén	person; man; people (Kangxi radical 9)	0
我	我	我	wo3	wǒ	I; me	0
在	在	在	zai4	zài	at; on; in; exist; (indicating an action in progress)	0
有	有	有	you3	yǒu	have; there is	0
他	他	他	ta1	tā	he; him	0
这	這	這	zhe4	zhè	this; these	0
中	?	?	?	?	?	0
大	大	大	da4	dà	big; large (Kangxi radical 37) | person of importance	0
来	來	來	lai2	lái	come; arrive; ever since; next	0
上	上	上	shang4	shàng	above; up; on top; get on; go up	0
國	?	?	?	?	?	0
个	個	個	ge5	ge	general measure word	0
到	到	到	dao4	dào	arrive (at a place); until (a time)	0
说	說	說	shuo1	shuō	speak; to say; to talk	0
們	?	?	?	?	?	0
为	為	為	wei4	wèi	for; because of; to; for the sake of	0
子	?	?	?	?	?	0
和	和	和	he2	hé	and; with; harmony	0
你	你	你	ni3	nǐ	you (singular)	0
地	地	地	di4, de5	dì, de	earth; ground | (adverbial particle)	0
出	出	出	chu1	chū	go out; occur	0
道	?	?	?	?	?	0
也	也	也	ye3	yě	also; too	0
時	?	?	?	?	?	0
年	年	年	nian2	nián	year	0
得	得	得	de	de	(complement particle)	0
就	就	就	jiu4	jiù	then; at once; just; only; with regard to	0
那	那	那	na4	nà	that; in that case; then	0
要	要	要	yao4	yào	to want; to need; will/shall; important	0
下	下	下	xia4	xià	descend; fall; below; down; next; the second (of two parts)	0
以	以	以	yi3	yǐ	to use; according to; so as to; for; by	0
生	?	?	?	?	?	0
会	會	會	hui4	huì	know how; be good at; be likely to	0
自	?	?	?	?	?	0
着	著	著	zhe5	zhe	-ing (indicating action in progress)	0
去	去	去	qu4	qù	go; to leave	0
之	之	之	zhi1	zhī	(literary equivalent to 的); (pronoun); of	0
过	過	過	guo4	guò	to pass; to cross; go over; (indicates a past experience)	0
家	家	家	jia1	jiā	family; home; household	0
學	?	?	?	?	?	0
对	對	對	dui4	duì	correct; a pair; to face; be opposite; to; towards	0
可	?	?	?	?	?	0
她	她	她	ta1	tā	she	0
里	裡	裡	li3	lǐ	inside; internal; village, Chinese mile (~.5 km); neighborhood (Kangxi radical 166)	0
后	?	?	?	?	?	0
小	小	小	xiao3	xiǎo	small; young (Kangxi radical 42)	0
麼	?	?	?	?	?	0
心	?	?	?	?	?	0
多	多	多	duo1	duō	many; much; a lot of; more than	0
天	?	?	?	?	?	0
而	而	而	er2	ér	and; but; yet; while (Kangxi radical 126)	0
能	能	能	neng2	néng	can; be able; capable; energy; ability	0
好	好	好	hao3	hǎo	good; well; nice; very; quite	0
都	都	都	dou1	dōu	all; both (if two things are involved) | capital; metropolis	0
然	?	?	?	?	?	0
沒	?	?	?	?	?	0
日	日	日	ri4	rì	sun; day; date; time (Kangxi radical 72)	0
於	?	?	?	?	?	0
起	?	?	?	?	?	0
还	還	還	hai2	hái	still; yet; in addition; even	0
发	發	發	fa1, fa4	fā, fà	send out; to issue; to show (one's feelings) | hair	0
成	?	?	?	?	?	0
事	?	?	?	?	?	0
只	只	只	zhi1, zhi3	zhī, zhǐ	but; only; merely; just | (mw for birds and certain animals)	0
作	?	?	?	?	?	0
当	當	當	dang1	dāng	should; act as; work as; manage; match; (sound of bells)	0
想	想	想	xiang3	xiǎng	think; believe; suppose; would like to; remember with longing; to miss	0
看	看	看	kan4	kàn	see; look at; to watch; regard	0
文	?	?	?	?	?	0
无	無	無	wu2	wú	have not; without; not (Kangxi radical 71)	0
开	開	開	kai1	kāi	to open; to start; to turn on; to operate (a vehicle)	0
手	?	?	?	?	?	0
十	十	十	shi2	shí	ten (Kangxi radical 24)	0
用	用	用	yong4	yòng	to use (Kangxi radical 101)	0
主	?	?	?	?	?	0
行	行	行	xing2	xíng	walk; be current; do; will do; okay	0
方	方	方	fang1	fāng	square; direction; side (Kangxi radical 70)	0
又	又	又	you4	yòu	(once) again; also; both (Kangxi radical 29)	0
如	?	?	?	?	?	0
前	?	?	?	?	?	0
所	所	所	suo3	suǒ	place; that which; (mw for houses, buildings)	0
本	本	本	ben3	běn	(mw for books); roots or stems of plants; origin; this	0
見	?	?	?	?	?	0
經	?	?	?	?	?	0
頭	?	?	?	?	?	0
面	?	?	?	?	?	0
公	?	?	?	?	?	0
同	?	?	?	?	?	0
三	三	三	san1	sān	three	0
已	?	?	?	?	?	0
老	老	老	lao3	lǎo	old; aged; tough; often (Kangxi radical 125)	0
从	從	從	cong2	cóng	from; obey; observe	0
動	?	?	?	?	?	0
两	兩	兩	liang3	liǎng	two; 2; both; (unit of weight equal to 50 grams)	0
长	長	長	chang2, zhang3	cháng, zhǎng	long; length | grow; chief (Kangxi radical 168)	0
知	?	?	?	?	?	0
民	?	?	?	?	?	0
樣	?	?	?	?	?	0
現	?	?	?	?	?	0
分	分	分	fen1, fen4	fēn, fèn	divide; part; minute; cent | component; share; ingredient	0
將	?	?	?	?	?	0
外	外	外	wai4	wài	outer; outside; in addition; foreign	0
但	?	?	?	?	?	0
身	?	?	?	?	?	0
些	些	些	xie1	xiē	some; few; several; (mw for indefinite amount)	0
与	與	與	yu3	yǔ	(formal) and; to give; together with; participate; final particle expressing doubt or surprise	0
高	高	高	gao1	gāo	high; tall (Kangxi radical 189)	0
意	?	?	?	?	?	0
进	進	進	jin4	jìn	enter; come in	0
把	把	把	ba3	bǎ	(mw for things with handles); (pretransitive particle); to hold	0
法	?	?	?	?	?	0
此	?	?	?	?	?	0
實	?	?	?	?	?	0
回	回	回	hui2	huí	to return; to reply; to go back; (mw for matters or actions)	0
二	二	二	er4	èr	two (Kangxi radical 7)	0
理	?	?	?	?	?	0
美	?	?	?	?	?	0
点	點	點	dian3	diǎn	a dot; a point; a bit; a little; o'clock	0
月	月	月	yue4	yuè	moon; month (Kangxi radical 74: moon | (Kangxi radical 130: flesh)	0
明	?	?	?	?	?	0
其	?	?	?	?	?	0
种	種	種	zhong3	zhǒng	type; breed; race; seed	0
聲	?	?	?	?	?	0
全	?	?	?	?	?	0
工	?	?	?	?	?	0
己	?	?	?	?	?	0
話	?	?	?	?	?	0
兒	?	?	?	?	?	0
者	?	?	?	?	?	0
向	向	向	xiang4	xiàng	direction; towards; to turn; to face	0
情	?	?	?	?	?	0
部	?	?	?	?	?	0
正	正	正	zheng4	zhèng	straight; currently; correct; just (right); pure; precisely	0
名	?	?	?	?	?	0
定	?	?	?	?	?	0
女	女	女	nv3	nǚ	woman; female (Kangxi radical 38)	0
问	問	問	wen4	wèn	ask; inquire	0
力	?	?	?	?	?	0
機	?	?	?	?	?	0
给	給	給	gei3	gěi	to give; to grant; (passive particle)	0
等	等	等	deng3	děng	to wait; rank; equal; etc.	0
几	幾	幾	ji3	jǐ	how many; several; a few | almost (Kangxi radical 16)	0
很	很	很	hen3	hěn	very; rather; quite; (adverb of degree)	0
業	?	?	?	?	?	0
最	最	最	zui4	zuì	the most; -est; (indicator for superlative)	0
間	?	?	?	?	?	0
新	新	新	xin1	xīn	new; Xinjiang autonomous region (abbreviation)	0
甚	?	?	?	?	?	0
打	?	?	?	?	?	0
便	便	便	bian4, pian2	biàn, pián	plain; convenient; excretion; formal equivalent to 就 | cheap	0
位	位	位	wei4	wèi	position; location; (polite mw for people)	0
因	?	?	?	?	?	0
重	重	重	zhong4	zhòng	heavy; serious; important	0
被	被	被	bei4	bèi	by (indicates passive voice sentences); a quilt/blanket	0
走	走	走	zou3	zǒu	to walk; to go; to move (Kangxi radical 156)	0
電	?	?	?	?	?	0
四	四	四	si4	sì	four	0
第	?	?	?	?	?	0
门	門	門	men2	mén	door; opening; gate (Kangxi radical 169)	0
相	?	?	?	?	?	0
次	次	次	ci4	cì	(mw for number of times of occurrence); nth; order	0
东	東	東	dong1	dōng	East	0
政	?	?	?	?	?	0
海	?	?	?	?	?	0
口	口	口	kou3	kǒu	mouth (Kangxi radical 30)	0
使	使	使	shi3	shǐ	to use; to make; to cause; enable; envoy; messenger	0
教	教	教	jiao1, jiao4	jiāo, jiào	teach; instruct | religion; teaching	0
西	西	西	xi1	xī	West (Kangxi radical 146)	0
再	再	再	zai4	zài	again; once more	0
平	平	平	ping2	píng	flat; level; equal; ordinary	0
真	真	真	zhen1	zhēn	real; true; genuine	0
听	聽	聽	ting1	tīng	listen; hear; heed	0
世	?	?	?	?	?	0
氣	?	?	?	?	?	0
信	?	?	?	?	?	0
北	?	?	?	?	?	0
少	少	少	shao3	shǎo	few; little; lack; lose	0
关	關	關	guan1	guān	to close; shut; concern; relationship; turn off; mountain pass	0
并	?	?	?	?	?	0
内	內	內	nei4	nèi	inside; inner; internal; within	0
加	?	?	?	?	?	0
化	?	?	?	?	?	0
由	由	由	you2	yóu	follow; from; by; through	0
却	卻	卻	que4	què	but; yet; however	0
代	?	?	?	?	?	0
軍	?	?	?	?	?	0
產	?	?	?	?	?	0
入	?	?	?	?	?	0
先	先	先	xian1	xiān	first; early; before	0
山	?	?	?	?	?	0
五	五	五	wu3	wǔ	five	0
太	太	太	tai4	tài	too (much); excessively; highest; greatest	0
水	水	水	shui3	shuǐ	water (Kangxi radical 85)	0
万	萬	萬	wan4	wàn	ten thousand	0
市	?	?	?	?	?	0
眼	?	?	?	?	?	0
體	?	?	?	?	?	0
别	別	別	bie2	bié	don't do something; don't | depart; | other; difference; distinguish	0
處	?	?	?	?	?	0
總	?	?	?	?	?	0
纔	?	?	?	?	?	0
场	場	場	chang3	chǎng	courtyard; place; field; (mw for games, performances, etc.)	0
師	?	?	?	?	?	0
书	書	書	shu1	shū	book; letter	0
比	比	比	bi3	bǐ	compare; (indicates comparison) (Kangxi radical 81); to gesticulate as one talks	0
住	住	住	zhu4	zhù	to live; reside; to stop	0
員	?	?	?	?	?	0
九	九	九	jiu3	jiǔ	nine	0
笑	笑	笑	xiao4	xiào	to laugh; to smile	0
性	?	?	?	?	?	0
通	?	?	?	?	?	0
目	?	?	?	?	?	0
華	?	?	?	?	?	0
報	?	?	?	?	?	0
立	?	?	?	?	?	0
马	馬	馬	ma3	mǎ	horse (Kangxi radical 187)	0
命	?	?	?	?	?	0
张	張	張	zhang1	zhāng	(mw for flat objects); to spread out; (common surname)	0
活	?	?	?	?	?	0
难	難	難	nan2	nán	difficult	0
神	?	?	?	?	?	0
数	數	數	shu4, shu3	shù, shǔ	number | to count; to rank	0
件	件	件	jian4	jiàn	(mw for things, clothes, and items)	0
安	?	?	?	?	?	0
表	?	?	?	?	?	0
原	?	?	?	?	?	0
車	?	?	?	?	?	0
白	白	白	bai2	bái	white; snowy; pure; bright; empty (Kangxi radical 106)	0
應	?	?	?	?	?	0
路	路	路	lu4	lù	road; path; journey; route	0
期	?	?	?	?	?	0
叫	叫	叫	jiao4	jiào	to call; called; to yell	0
死	死	死	si3	sǐ	to die; dead; fixed; impassible; extremely	0
常	?	?	?	?	?	0
提	提	提	ti2	tí	to carry; to lift; to raise (an issue)	0
感	?	?	?	?	?	0
金	?	?	?	?	?	0
何	?	?	?	?	?	0
更	更	更	geng4	gèng	more; even more	0
反	?	?	?	?	?	0
合	?	?	?	?	?	0
放	放	放	fang4	fàng	put; to place; to release; to free	0
做	做	做	zuo4	zuò	do; make; to produce; be; to cook; write	0
系	系	系	xi4, ji4	xì, jì	be; relate to; system; fasten; department; faculty; connect | to tie	0
計	?	?	?	?	?	0
或	?	?	?	?	?	0
司	?	?	?	?	?	0
利	?	?	?	?	?	0
受	?	?	?	?	?	0
光	光	光	guang1	guāng	light; ray; bright; only; merely; used up	0
王	?	?	?	?	?	0
果	?	?	?	?	?	0
親	?	?	?	?	?	0
界	?	?	?	?	?	0
及	?	?	?	?	?	0
今	?	?	?	?	?	0
京	?	?	?	?	?	0
務	?	?	?	?	?	0
制	?	?	?	?	?	0
解	?	?	?	?	?	0
各	各	各	ge4	gè	each; every	0
任	?	?	?	?	?	0
至	?	?	?	?	?	0
清	?	?	?	?	?	0
物	?	?	?	?	?	0
台	台	台	tai2	tái	platform; Taiwan (abbr.); desk; stage; typhoon; (mw for machines); (classical) you (in letters)	0
象	?	?	?	?	?	0
記	?	?	?	?	?	0
邊	?	?	?	?	?	0
共	?	?	?	?	?	0
風	?	?	?	?	?	0
戰	?	?	?	?	?	0
干	乾	乾	gan1	gān	to concern; shield; dry; clean (Kangxi radical 51)	0
接	接	接	jie1	jiē	connect; to meet; to pick up (somebody); to receive	0
它	它	它	ta1	tā	it	0
許	?	?	?	?	?	0
八	八	八	ba1	bā	eight (Kangxi radical 12)	0
特	?	?	?	?	?	0
覺	?	?	?	?	?	0
望	?	?	?	?	?	0
直	直	直	zhi2	zhí	straight; vertical; frank; directly; continuously	0
服	?	?	?	?	?	0
毛	毛	毛	mao2	máo	hair; fur; feather; dime (Kangxi radical 82)	0
林	?	?	?	?	?	0
题	題	題	ti2	tí	topic; subject; question on a test or assignment	0
建	?	?	?	?	?	0
南	南	南	nan2	nán	South	0
度	?	?	?	?	?	0
統	?	?	?	?	?	0
色	?	?	?	?	?	0
字	字	字	zi4	zì	word; letter; character	0
请	請	請	qing3	qǐng	please; invite; to request | treat	0
交	交	交	jiao1	jiāo	deliver; turn over; intersect; to pay (money); friendship	0
爱	愛	愛	ai4	ài	love; affection; be fond of	0
让	讓	讓	rang4	ràng	ask; let; yield	0
認	?	?	?	?	?	0
算	?	?	?	?	?	0
論	?	?	?	?	?	0
佰	?	?	?	?	?	0
吃	吃	吃	chi1	chī	eat	0
義	?	?	?	?	?	0
科	?	?	?	?	?	0
怎	?	?	?	?	?	0
元	元	元	yuan2	yuán	Chinese monetary unit; dollar; first; principal	0
社	?	?	?	?	?	0
術	?	?	?	?	?	0
結	?	?	?	?	?	0
功	?	?	?	?	?	0
指	指	指	zhi3	zhǐ	finger; to point (at, to, out); refer to	0
思	?	?	?	?	?	0
非	非	非	fei1	fēi	non-; un-; not be; wrongdoing; simply must (Kangxi radical 175)	0
流	?	?	?	?	?	0
每	每	每	mei3	měi	each; every	0
青	青	青	qing1	qīng	blue; green; young (Kangxi radical 174); Qinghai province (abbr.)	0
管	?	?	?	?	?	0
夫	?	?	?	?	?	0
连	連	連	lian2	lián	even; including; join	0
远	遠	遠	yuan3	yuǎn	far; distant; remote	0
資	?	?	?	?	?	0
隊	?	?	?	?	?	0
跟	跟	跟	gen1	gēn	to follow; go with; heel	0
带	帶	帶	dai4	dài	band; belt; ribbon; carry; bring; take along; bring up (kids)	0
花	花	花	hua1	huā	flower; blossom; spend money; cost	0
快	快	快	kuai4	kuài	fast; quick; swift	0
条	條	條	tiao2	tiáo	strip; (mw for long thin objects); item	0
院	?	?	?	?	?	0
變	?	?	?	?	?	0
聯	?	?	?	?	?	0
言	?	?	?	?	?	0
權	?	?	?	?	?	0
往	往	往	wang3	wǎng	to go (in a direction); towards; in the past	0
展	?	?	?	?	?	0
該	?	?	?	?	?	0
領	?	?	?	?	?	0
傳	?	?	?	?	?	0
近	近	近	jin4	jìn	near; close (to)	0
留	留	留	liu2	liú	to leave (behind, a message); to retain; to stay	0
红	紅	紅	hong2	hóng	red; symbol of success; bonus; popular	0
治	?	?	?	?	?	0
決	?	?	?	?	?	0
周	?	?	?	?	?	0
保	?	?	?	?	?	0
達	?	?	?	?	?	0
辦	?	?	?	?	?	0
運	?	?	?	?	?	0
武	?	?	?	?	?	0
半	半	半	ban4	bàn	half; semi-; incomplete	0
候	?	?	?	?	?	0
七	七	七	qi1	qī	seven	0
必	?	?	?	?	?	0
城	?	?	?	?	?	0
父	?	?	?	?	?	0
強	?	?	?	?	?	0
步	?	?	?	?	?	0
完	完	完	wan2	wán	to finish; be over; complete	0
革	?	?	?	?	?	0
深	深	深	shen1	shēn	deep; profound; dark (of colors)	0
區	?	?	?	?	?	0
即	?	?	?	?	?	0
求	?	?	?	?	?	0
品	?	?	?	?	?	0
士	?	?	?	?	?	0
转	轉	轉	zhuan3, zhuan4	zhuǎn, zhuàn	to turn; to change; pass on | revolve; rotate	0
量	?	?	?	?	?	0
空	空	空	kong1, kong4	kōng, kòng	empty; sky | leave blank; leisure	0
眾	?	?	?	?	?	0
技	?	?	?	?	?	0
轻	輕	輕	qing1	qīng	light; easy; gentle; soft	0
程	?	?	?	?	?	0
告	?	?	?	?	?	0
江	?	?	?	?	?	0
語	?	?	?	?	?	0
英	?	?	?	?	?	0
基	?	?	?	?	?	0
派	派	派	pai4	pài	dispatch; (mw for political groups; schools of thought; etc.)	0
满	滿	滿	man3	mǎn	full; abbreviation for Manchurian	0
式	?	?	?	?	?	0
李	?	?	?	?	?	0
息	?	?	?	?	?	0
写	寫	寫	xie3	xiě	to write; to compose	0
呢	呢	呢	ne5	ne	(modal particle ending a question); how about...?; what about...?	0
識	?	?	?	?	?	0
极	極	極	ji2	jí	an extreme; pole; very	0
令	?	?	?	?	?	0
黃	?	?	?	?	?	0
德	?	?	?	?	?	0
收	收	收	shou1	shōu	receive; accept; collect; to harvest	0
脸	臉	臉	lian3	liǎn	face	0
钱	錢	錢	qian2	qián	money; coin	0
党	黨	黨	dang3	dǎng	party; club; association	0
倒	倒	倒	dao3, dao4	dǎo, dào	to collapse; to fall; fail; to exchange | to pour; contrary to expectations	0
未	?	?	?	?	?	0
持	?	?	?	?	?	0
取	取	取	qu3	qǔ	to take; get; choose	0
設	?	?	?	?	?	0
始	?	?	?	?	?	0
版	?	?	?	?	?	0
双	雙	雙	shuang1	shuāng	two; double; (mw for pairs)	0
歷	?	?	?	?	?	0
越	越	越	yue4	yuè	even more; the more; exceed	0
史	?	?	?	?	?	0
商	?	?	?	?	?	0
仟	?	?	?	?	?	0
片	片	片	pian4, pian1	piàn, piān	(mw for pieces of things); a slice; a flake (Kangxi radical 91) | film; photo	0
容	?	?	?	?	?	0
研	?	?	?	?	?	0
像	像	像	xiang4	xiàng	be like; resemble; appearance; appear	0
找	找	找	zhao3	zhǎo	try to find; look for; seek; to give change	0
友	?	?	?	?	?	0
孩	?	?	?	?	?	0
站	站	站	zhan4	zhàn	stand; a station; be on one's feet; service center	0
廣	?	?	?	?	?	0
改	?	?	?	?	?	0
議	?	?	?	?	?	0
形	?	?	?	?	?	0
委	?	?	?	?	?	0
早	?	?	?	?	?	0
房	?	?	?	?	?	0
音	?	?	?	?	?	0
火	火	火	huo3	huǒ	fire (Kangxi radical 86)	0
際	?	?	?	?	?	0
则	則	則	ze2	zé	standard; regulation; however; in that case	0
首	首	首	shou3	shǒu	head; chief; first; (mw for poems and songs) (Kangxi radical 185)	0
單	?	?	?	?	?	0
據	?	?	?	?	?	0
導	?	?	?	?	?	0
影	?	?	?	?	?	0
失	?	?	?	?	?	0
拿	拿	拿	na2	ná	carry in your hand; seize; to catch	0
網	?	?	?	?	?	0
香	香	香	xiang1	xiāng	fragrant; savory (Kangxi radical 186)	0
似	?	?	?	?	?	0
斯	?	?	?	?	?	0
專	?	?	?	?	?	0
石	?	?	?	?	?	0
若	?	?	?	?	?	0
兵	?	?	?	?	?	0
弟	?	?	?	?	?	0
谁	誰	誰	shei2	shéi	who	0
校	?	?	?	?	?	0
读	讀	讀	du2	dú	to read; to study	0
志	?	?	?	?	?	0
飛	?	?	?	?	?	0
觀	?	?	?	?	?	0
爭	?	?	?	?	?	0
究	?	?	?	?	?	0
包	包	包	bao1	bāo	to cover; to wrap; to hold; include; (mw for containers, packages, etc.)	0
组	組	組	zu3	zǔ	compose; team up; group	0
造	?	?	?	?	?	0
落	?	?	?	?	?	0
視	?	?	?	?	?	0
濟	?	?	?	?	?	0
喜	?	?	?	?	?	0
离	離	離	li2	lí	leave; depart; go away; apart from	0
雖	?	?	?	?	?	0
坐	坐	坐	zuo4	zuò	sit; take a seat	0
集	?	?	?	?	?	0
編	?	?	?	?	?	0
寶	?	?	?	?	?	0
谈	談	談	tan2	tán	to talk; to chat; discuss	0
府	?	?	?	?	?	0
拉	拉	拉	la1	lā	to pull; to play (string instruments); to drag	0
黑	黑	黑	hei1	hēi	black; dark (Kangxi radical 203); Heilongjiang province (abbreviation)	0
且	?	?	?	?	?	0
隨	?	?	?	?	?	0
格	?	?	?	?	?	0
盡	?	?	?	?	?	0
剑	劍	劍	jian4	jiàn	sword	0
讲	講	講	jiang3	jiǎng	to talk; to lecture; to explain; a speech	0
布	布	布	bu4	bù	cloth; announce; to spread	0
杀	殺	殺	sha1	shā	to kill; to murder	0
微	?	?	?	?	?	0
怕	?	?	?	?	?	0
母	?	?	?	?	?	0
調	?	?	?	?	?	0
局	?	?	?	?	?	0
根	根	根	gen1	gēn	root; base; (mw for long, slender objects)	0
曾	?	?	?	?	?	0
准	?	?	?	?	?	0
团	團	團	tuan2	tuán	round; ball; group; unite; dumpling; (mw for ball-like things)	0
段	段	段	duan4	duàn	paragraph; segment; section	0
終	?	?	?	?	?	0
樂	?	?	?	?	?	0
切	切	切	qie1, qie4	qiē, qiè	to cut; to chop | correspond to; absolutely; ardently	0
級	?	?	?	?	?	0
克	克	克	ke4	kè	gram; overcome; restrain	0
精	?	?	?	?	?	0
哪	哪	哪	na3	nǎ	which; how	0
官	官	官	guan1	guān	an official; organ; governmental	0
示	?	?	?	?	?	0
冲	沖	沖	chong1	chōng	to rush; to clash; to rinse; thoroughfare	0
竟	?	?	?	?	?	0
乎	?	?	?	?	?	0
男	男	男	nan2	nán	male	0
举	舉	舉	ju3	jǔ	lift; raise; cite	0
客	?	?	?	?	?	0
證	?	?	?	?	?	0
苦	苦	苦	ku3	kǔ	bitter; miserable	0
照	照	照	zhao4	zhào	to shine; illuminate; according to	0
注	?	?	?	?	?	0
費	?	?	?	?	?	0
足	?	?	?	?	?	0
爾	?	?	?	?	?	0
招	?	?	?	?	?	0
群	群	群	qun2	qún	crowd; group; (mw for groups, flocks, or swarms)	0
热	熱	熱	re4	rè	heat; hot; heat up	0
推	推	推	tui1	tuī	to push; to scrape; to decline; postpone; elect	0
晚	?	?	?	?	?	0
响	響	響	xiang3	xiǎng	make a sound; to ring; echo	0
称	稱	稱	cheng1	chēng	weigh; to call; be called	0
興	?	?	?	?	?	0
待	?	?	?	?	?	0
約	?	?	?	?	?	0
陽	?	?	?	?	?	0
哥	?	?	?	?	?	0
驚	?	?	?	?	?	0
吗	嗎	嗎	ma5	ma	(question particle for yes/no questions)	0
整	?	?	?	?	?	0
支	支	支	zhi1	zhī	branch; support; put up; (mw for long; narrow objects) (Kangxi radical 65)	0
古	?	?	?	?	?	0
漢	?	?	?	?	?	0
突	?	?	?	?	?	0
号	號	號	hao4	hào	number; day of a month; (mw for ordinal numbers)	0
絕	?	?	?	?	?	0
選	?	?	?	?	?	0
吧	吧	吧	ba5	ba	particle indicating polite suggestion; | onomatopoeia | bar (serving drinks, providing internet access, etc.)	0
參	?	?	?	?	?	0
刊	?	?	?	?	?	0
亞	?	?	?	?	?	0
復	?	?	?	?	?	0
傷	?	?	?	?	?	0
類	?	?	?	?	?	0
備	?	?	?	?	?	0
歡	?	?	?	?	?	0
另	?	?	?	?	?	0
港	?	?	?	?	?	0
勢	?	?	?	?	?	0
刻	刻	刻	ke4	kè	quarter (hour); (mw for short time intervals); carve; to cut	0
星	?	?	?	?	?	0
断	斷	斷	duan4	duàn	to break; decide; absolutely (usually negative)	0
陳	?	?	?	?	?	0
掌	?	?	?	?	?	0
農	?	?	?	?	?	0
夜	夜	夜	ye4	yè	night; darkness	0
般	?	?	?	?	?	0
唸	?	?	?	?	?	0
价	?	?	?	?	?	0
腦	?	?	?	?	?	0
規	?	?	?	?	?	0
底	底	底	di3	dǐ	bottom; background; base	0
故	?	?	?	?	?	0
省	省	省	sheng3	shěng	to save; economize; omit; province	0
媽	?	?	?	?	?	0
刚	剛	剛	gang1	gāng	just (indicating the immediate past); recently; firm	0
句	?	?	?	?	?	0
顯	?	?	?	?	?	0
消	?	?	?	?	?	0
衣	?	?	?	?	?	0
陸	?	?	?	?	?	0
器	?	?	?	?	?	0
確	?	?	?	?	?	0
破	破	破	po4	pò	broken; damaged; to split	0
具	?	?	?	?	?	0
居	?	?	?	?	?	0
批	批	批	pi1	pī	criticize; to comment; wholesale; (mw for batches, lots, etc.)	0
送	送	送	song4	sòng	deliver; to carry; to give; send	0
澤	?	?	?	?	?	0
緊	?	?	?	?	?	0
幫	?	?	?	?	?	0
線	?	?	?	?	?	0
存	存	存	cun2	cún	exist; to deposit; to store	0
願	?	?	?	?	?	0
奇	?	?	?	?	?	0
害	?	?	?	?	?	0
增	?	?	?	?	?	0
楊	?	?	?	?	?	0
料	?	?	?	?	?	0
州	州	州	zhou1	zhōu	province; sub-prefecture; (United States) state	0
节	節	節	jie2	jié	section; part; festival; moral integrity; save; (mw for class periods)	0
左	?	?	?	?	?	0
装	裝	裝	zhuang1	zhuāng	to load; dress up; pretend; clothing; to install	0
易	?	?	?	?	?	0
急	?	?	?	?	?	0
久	久	久	jiu3	jiǔ	long (time)	0
低	低	低	di1	dī	low; to lower (one's head); droop	0
岁	歲	歲	sui4	suì	years old	0
需	?	?	?	?	?	0
酒	?	?	?	?	?	0
河	?	?	?	?	?	0
初	?	?	?	?	?	0
游	?	?	?	?	?	0
嚴	?	?	?	?	?	0
鐵	?	?	?	?	?	0
族	?	?	?	?	?	0
除	除	除	chu2	chú	besides; except; remove; to divide (mathematics)	0
份	份	份	fen4	fèn	part; portion; (mw for documents, papers, jobs, etc.)	0
敢	敢	敢	gan3	gǎn	to dare	0
胡	?	?	?	?	?	0
血	血	血	xue4	xuè	blood (Kangxi radical 143)	0
企	?	?	?	?	?	0
仍	?	?	?	?	?	0
投	?	?	?	?	?	0
闻	聞	聞	wen2	wén	hear; to smell; news; reputation	0
斗	?	?	?	?	?	0
紀	?	?	?	?	?	0
脚	腳	腳	jiao3	jiǎo	foot (body part)	0
右	?	?	?	?	?	0
蘇	?	?	?	?	?	0
標	?	?	?	?	?	0
飯	?	?	?	?	?	0
云	雲	雲	yun2	yún	cloud; Yunnan province | say; speak	0
病	?	?	?	?	?	0
醫	?	?	?	?	?	0
阿	?	?	?	?	?	0
答	?	?	?	?	?	0
土	?	?	?	?	?	0
況	?	?	?	?	?	0
境	?	?	?	?	?	0
软	軟	軟	ruan3	ruǎn	soft	0
考	?	?	?	?	?	0
娘	?	?	?	?	?	0
村	?	?	?	?	?	0
刀	刀	刀	dao1	dāo	knife; blade (Kangxi radical 18)	0
擊	?	?	?	?	?	0
僅	?	?	?	?	?	0
查	?	?	?	?	?	0
引	?	?	?	?	?	0
朝	朝	朝	chao2	cháo	to face; towards; dynasty	0
育	?	?	?	?	?	0
續	?	?	?	?	?	0
獨	?	?	?	?	?	0
羅	?	?	?	?	?	0
买	買	買	mai3	mǎi	to buy	0
戶	?	?	?	?	?	0
護	?	?	?	?	?	0
喝	喝	喝	he1	hē	to drink; interjection expressing surprise	0
朋	?	?	?	?	?	0
供	?	?	?	?	?	0
責	?	?	?	?	?	0
项	項	項	xiang4	xiàng	nape (of the neck); sum (of money); mw item	0
背	背	背	bei1	bēi	carry on one's back; to bear	0
余	?	?	?	?	?	0
希	?	?	?	?	?	0
衛	?	?	?	?	?	0
列	?	?	?	?	?	0
圖	?	?	?	?	?	0
室	?	?	?	?	?	0
乱	亂	亂	luan4	luàn	disorder; confusion; arbitrarily	0
劉	?	?	?	?	?	0
爺	?	?	?	?	?	0
龙	龍	龍	long2	lóng	dragon (Kangxi radical 212)	0
咱	?	?	?	?	?	0
章	?	?	?	?	?	0
席	?	?	?	?	?	0
错	錯	錯	cuo4	cuò	mistake; error; blunder; miss an opportunity	0
兄	?	?	?	?	?	0
暗	暗	暗	an4	àn	dark; gloomy; hidden; secret	0
創	?	?	?	?	?	0
排	?	?	?	?	?	0
春	春	春	chun1	chūn	spring (season); joyful	0
須	?	?	?	?	?	0
承	?	?	?	?	?	0
案	?	?	?	?	?	0
忙	忙	忙	mang2	máng	busy	0
呼	?	?	?	?	?	0
树	樹	樹	shu4	shù	tree	0
痛	?	?	?	?	?	0
沉	?	?	?	?	?	0
啊	啊	啊	a5	a	ah; (particle showing elation, doubt, puzzled surprise, or approval)	0
靈	?	?	?	?	?	0
職	?	?	?	?	?	0
鄉	?	?	?	?	?	0
細	?	?	?	?	?	0
訴	?	?	?	?	?	0
態	?	?	?	?	?	0
停	停	停	ting2	tíng	to stop; to halt; to park (a car)	0
印	?	?	?	?	?	0
筆	?	?	?	?	?	0
夏	夏	夏	xia4	xià	summer	0
助	?	?	?	?	?	0
福	?	?	?	?	?	0
块	塊	塊	kuai4	kuài	lump; (mw: piece, chunk, sum of money)	0
冷	冷	冷	leng3	lěng	cold	0
球	?	?	?	?	?	0
姑	?	?	?	?	?	0
划	劃	劃	hua4, hua2	huà, huá	delimit; to transfer; assign | to row; to paddle; to scratch	0
既	?	?	?	?	?	0
質	?	?	?	?	?	0
巴	?	?	?	?	?	0
致	?	?	?	?	?	0
灣	?	?	?	?	?	0
演	?	?	?	?	?	0
木	?	?	?	?	?	0
韋	?	?	?	?	?	0
怪	?	?	?	?	?	0
圍	?	?	?	?	?	0
靜	?	?	?	?	?	0
旁	?	?	?	?	?	0
園	?	?	?	?	?	0
否	?	?	?	?	?	0
副	副	副	fu4	fù	vice-; secondary; auxiliary; deputy; assistant; classifier for pairs (i.e. glasses)	0
輯	?	?	?	?	?	0
采	?	?	?	?	?	0
食	?	?	?	?	?	0
登	?	?	?	?	?	0
够	夠	夠	gou4	gòu	enough; to reach	0
賽	?	?	?	?	?	0
米	米	米	mi3	mǐ	rice; meter (Kangxi radical 119)	0
假	假	假	jia3, jia4	jiǎ, jià	fake; if; borrow | vacation; holiday	0
較	?	?	?	?	?	0
姐	?	?	?	?	?	0
楼	樓	樓	lou2	lóu	story; floor; (multi-story) building	0
獲	?	?	?	?	?	0
孫	?	?	?	?	?	0
宣	?	?	?	?	?	0
穿	穿	穿	chuan1	chuān	to wear; put on; penetrate	0
诗	詩	詩	shi1	shī	poem; poetry; verse	0
歌	?	?	?	?	?	0
速	?	?	?	?	?	0
忽	?	?	?	?	?	0
堂	?	?	?	?	?	0
敵	?	?	?	?	?	0
试	試	試	shi4	shì	to try; to test; examination	0
謝	?	?	?	?	?	0
央	?	?	?	?	?	0
懷	?	?	?	?	?	0
顧	?	?	?	?	?	0
驗	?	?	?	?	?	0
營	?	?	?	?	?	0
止	?	?	?	?	?	0
姓	姓	姓	xing4	xìng	surname; family name	0
養	?	?	?	?	?	0
麗	?	?	?	?	?	0
屬	?	?	?	?	?	0
景	?	?	?	?	?	0
郭	?	?	?	?	?	0
依	?	?	?	?	?	0
威	?	?	?	?	?	0
按	?	?	?	?	?	0
惡	?	?	?	?	?	0
慢	慢	慢	man4	màn	slow	0
座	座	座	zuo4	zuò	(mw for mountains, bridges, tall buildings, etc.); | seat; base; stand; constellation	0
罪	?	?	?	?	?	0
維	?	?	?	?	?	0
漸	?	?	?	?	?	0
勝	?	?	?	?	?	0
藏	?	?	?	?	?	0
皇	?	?	?	?	?	0
街	?	?	?	?	?	0
激	?	?	?	?	?	0
異	?	?	?	?	?	0
摘	摘	摘	zhai1	zhāi	to pick (flowers, fruit, etc.); to pluck; to take; to borrow	0
角	角	角	jiao3, jue2	jiǎo, jué	horn; angle; unit of money (1/10 yuan); corner (Kangxi radical 148) | role (theater)	0
瞧	瞧	瞧	qiao2	qiáo	look at; see (colloquial)	0
負	?	?	?	?	?	0
施	?	?	?	?	?	0
模	?	?	?	?	?	0
草	草	草	cao3	cǎo	grass; straw; draft (of a document)	0
某	某	某	mou3	mǒu	a certain; some	0
银	銀	銀	yin2	yín	silver (the element)	0
露	?	?	?	?	?	0
阵	陣	陣	zhen4	zhèn	short period; disposition of troops; wave	0
值	?	?	?	?	?	0
班	班	班	ban1	bān	team; class; squad	0
层	層	層	ceng2	céng	(mw for layers, floors of buildings)	0
修	?	?	?	?	?	0
差	差	差	cha4	chà	differ from; fall short of; poor; inferior	0
味	?	?	?	?	?	0
織	?	?	?	?	?	0
药	藥	藥	yao4	yào	medicine; drug; cure; chemical	0
館	?	?	?	?	?	0
密	?	?	?	?	?	0
亮	亮	亮	liang4	liàng	bright; light; shiny	0
律	?	?	?	?	?	0
習	?	?	?	?	?	0
田	?	?	?	?	?	0
簡	?	?	?	?	?	0
免	?	?	?	?	?	0
毒	?	?	?	?	?	0
歸	?	?	?	?	?	0
波	?	?	?	?	?	0
型	?	?	?	?	?	0
屋	?	?	?	?	?	0
换	換	換	huan4	huàn	change; to exchange; to barter; to trade	0
救	救	救	jiu4	jiù	to save (life); to assist; to rescue	0
寄	寄	寄	ji4	jì	send by mail	0
帝	?	?	?	?	?	0
退	退	退	tui4	tuì	to retreat; decline; withdraw	0
洋	?	?	?	?	?	0
絲	?	?	?	?	?	0
湖	?	?	?	?	?	0
睡	?	?	?	?	?	0
勞	?	?	?	?	?	0
婦	?	?	?	?	?	0
伯	?	?	?	?	?	0
尼	?	?	?	?	?	0
皮	?	?	?	?	?	0
祖	?	?	?	?	?	0
雄	?	?	?	?	?	0
婚	?	?	?	?	?	0
康	?	?	?	?	?	0
評	?	?	?	?	?	0
追	追	追	zhui1	zhuī	pursue; chase	0
哈	哈	哈	ha1	hā	exhale; sip; (sound of laughter)	0
絡	?	?	?	?	?	0
店	?	?	?	?	?	0
翻	翻	翻	fan1	fān	to turn over; capsize; translate	0
環	?	?	?	?	?	0
禮	?	?	?	?	?	0
跑	?	?	?	?	?	0
超	?	?	?	?	?	0
葉	?	?	?	?	?	0
壓	?	?	?	?	?	0
占	占	占	zhan4	zhàn	occupy; seize; to constitute	0
均	?	?	?	?	?	0
永	?	?	?	?	?	0
烈	?	?	?	?	?	0
獎	?	?	?	?	?	0
婆	?	?	?	?	?	0
赶	趕	趕	gan3	gǎn	catch up; overtake; drive away	0
富	富	富	fu4	fù	wealthy	0
蘭	?	?	?	?	?	0
錄	?	?	?	?	?	0
画	畫	畫	hua4	huà	draw; picture; painting	0
遇	?	?	?	?	?	0
顿	頓	頓	dun4	dùn	pause; arrange; stamp feet; suddenly; (mw for meals)	0
藝	?	?	?	?	?	0
普	?	?	?	?	?	0
判	?	?	?	?	?	0
源	?	?	?	?	?	0
亿	億	億	yi4	yì	one hundred million (100,000,000)	0
素	?	?	?	?	?	0
船	船	船	chuan2	chuán	a boat; vessel; ship	0
繼	?	?	?	?	?	0
尚	?	?	?	?	?	0
嘴	嘴	嘴	zui3	zuǐ	mouth	0
察	?	?	?	?	?	0
雨	?	?	?	?	?	0
優	?	?	?	?	?	0
您	您	您	nin2	nín	you (polite)	0
險	?	?	?	?	?	0
煙	?	?	?	?	?	0
階	?	?	?	?	?	0
擔	?	?	?	?	?	0
散	?	?	?	?	?	0
板	?	?	?	?	?	0
鐘	?	?	?	?	?	0
訪	?	?	?	?	?	0
妹	?	?	?	?	?	0
伸	伸	伸	shen1	shēn	to stretch; extend	0
佛	?	?	?	?	?	0
限	?	?	?	?	?	0
討	?	?	?	?	?	0
臨	?	?	?	?	?	0
吳	?	?	?	?	?	0
摇	搖	搖	yao2	yáo	to shake; to rock	0
跳	?	?	?	?	?	0
曲	?	?	?	?	?	0
練	?	?	?	?	?	0
構	?	?	?	?	?	0
玩	玩	玩	wan2	wán	to play; have a good time; visit; enjoy	0
玉	玉	玉	yu4	yù	jade (Kangxi radical 96)	0
犯	?	?	?	?	?	0
廠	?	?	?	?	?	0
肯	?	?	?	?	?	0
協	?	?	?	?	?	0
幸	?	?	?	?	?	0
挥	揮	揮	hui1	huī	to wave; brandish; wield; wipe away	0
效	?	?	?	?	?	0
齊	?	?	?	?	?	0
封	?	?	?	?	?	0
溫	?	?	?	?	?	0
疑	?	?	?	?	?	0
肉	?	?	?	?	?	0
攻	?	?	?	?	?	0
紙	?	?	?	?	?	0
策	?	?	?	?	?	0
充	?	?	?	?	?	0
顶	頂	頂	ding3	dǐng	top; roof; carry on one's head; prop up; to butt; (mw for headwear, i.e. hats)	0
尋	?	?	?	?	?	0
寧	?	?	?	?	?	0
沙	?	?	?	?	?	0
防	?	?	?	?	?	0
抓	抓	抓	zhua1	zhuā	to carry in your hand holding strongly; catch; arrest	0
例	?	?	?	?	?	0
股	?	?	?	?	?	0
卖	賣	賣	mai4	mài	to sell	0
順	?	?	?	?	?	0
警	?	?	?	?	?	0
梦	夢	夢	meng4	mèng	to dream	0
劇	?	?	?	?	?	0
善	?	?	?	?	?	0
蒙	?	?	?	?	?	0
票	票	票	piao4	piào	ticket; bank note; a vote	0
良	?	?	?	?	?	0
范	?	?	?	?	?	0
堅	?	?	?	?	?	0
端	端	端	duan1	duān	end; beginning; extremity; carry holding something from the sides	0
靠	靠	靠	kao4	kào	depend on; lean on; near; to trust	0
雜	?	?	?	?	?	0
贵	貴	貴	gui4	guì	expensive; noble; honorable; Guizhou province (abbreviation)	0
怒	?	?	?	?	?	0
稿	?	?	?	?	?	0
拍	拍	拍	pai1	pāi	to clap; to pat; to shoot (pictures, a film); send (a telegram)	0
率	?	?	?	?	?	0
旧	舊	舊	jiu4	jiù	old; past; used	0
掉	掉	掉	diao4	diào	to drop; to fall	0
啦	啦	啦	la	la	sentence-final particle: a contraction of 了 (le) and 啊 (a)	0
莫	?	?	?	?	?	0
授	?	?	?	?	?	0
守	?	?	?	?	?	0
油	?	?	?	?	?	0
恩	?	?	?	?	?	0
積	?	?	?	?	?	0
益	?	?	?	?	?	0
县	縣	縣	xian4	xiàn	county; district	0
哭	哭	哭	ku1	kū	cry; weep	0
罷	?	?	?	?	?	0
庭	?	?	?	?	?	0
窗	?	?	?	?	?	0
揚	?	?	?	?	?	0
忘	?	?	?	?	?	0
午	?	?	?	?	?	0
卡	?	?	?	?	?	0
雪	雪	雪	xue3	xuě	snow	0
菜	菜	菜	cai4	cài	dish (type of food); vegetables	0
牌	?	?	?	?	?	0
牛	?	?	?	?	?	0
脱	脫	脫	tuo1	tuō	to shed; take off; to escape	0
博	?	?	?	?	?	0
丈	?	?	?	?	?	0
彈	?	?	?	?	?	0
洲	?	?	?	?	?	0
松	?	?	?	?	?	0
坏	壞	壞	huai4	huài	bad; broken	0
鄧	?	?	?	?	?	0
鮮	?	?	?	?	?	0
短	短	短	duan3	duǎn	short (in length, duration, or height); lack	0
畢	?	?	?	?	?	0
置	?	?	?	?	?	0
楚	?	?	?	?	?	0
歐	?	?	?	?	?	0
略	?	?	?	?	?	0
智	?	?	?	?	?	0
島	?	?	?	?	?	0
抗	?	?	?	?	?	0
妻	?	?	?	?	?	0
抱	抱	抱	bao4	bào	to hold; to hug; carry in one's arms; to cradle	0
載	?	?	?	?	?	0
敗	?	?	?	?	?	0
枪	槍	槍	qiang1	qiāng	gun; spear	0
適	?	?	?	?	?	0
虛	?	?	?	?	?	0
預	?	?	?	?	?	0
睛	?	?	?	?	?	0
刺	刺	刺	ci4	cì	thorn; to sting; to prick; pierce; stab	0
爹	?	?	?	?	?	0
紛	?	?	?	?	?	0
介	?	?	?	?	?	0
括	?	?	?	?	?	0
銷	?	?	?	?	?	0
降	?	?	?	?	?	0
鱼	魚	魚	yu2	yú	fish (Kangxi radical 195)	0
奔	?	?	?	?	?	0
忍	?	?	?	?	?	0
宗	?	?	?	?	?	0
盤	?	?	?	?	?	0
耳	?	?	?	?	?	0
野	?	?	?	?	?	0
訊	?	?	?	?	?	0
配	?	?	?	?	?	0
禁	?	?	?	?	?	0
索	?	?	?	?	?	0
趙	?	?	?	?	?	0
默	?	?	?	?	?	0
徒	?	?	?	?	?	0
架	?	?	?	?	?	0
灯	燈	燈	deng1	dēng	lamp; light	0
峰	?	?	?	?	?	0
狀	?	?	?	?	?	0
款	?	?	?	?	?	0
移	?	?	?	?	?	0
爸	?	?	?	?	?	0
托	?	?	?	?	?	0
洪	?	?	?	?	?	0
升	升	升	sheng1	shēng	rise; hoist; promote; liter	0
伙	?	?	?	?	?	0
訂	?	?	?	?	?	0
毫	?	?	?	?	?	0
狐	?	?	?	?	?	0
鎮	?	?	?	?	?	0
床	?	?	?	?	?	0
互	?	?	?	?	?	0
套	套	套	tao4	tào	cover; (mw for sets of things); tie together	0
旅	?	?	?	?	?	0
逃	逃	逃	tao2	táo	to escape; run away; flee	0
骂	罵	罵	ma4	mà	scold; curse; condemn; verbally abuse	0
输	輸	輸	shu1	shū	to transport; to lose (a game, etc.)	0
唱	?	?	?	?	?	0
靖	?	?	?	?	?	0
秘	?	?	?	?	?	0
詞	?	?	?	?	?	0
困	困	困	kun4	kùn	sleepy; surround; hard-pressed	0
淚	?	?	?	?	?	0
熟	?	?	?	?	?	0
財	?	?	?	?	?	0
鬼	?	?	?	?	?	0
骨	?	?	?	?	?	0
申	?	?	?	?	?	0
欲	?	?	?	?	?	0
征	?	?	?	?	?	0
私	?	?	?	?	?	0
舞	?	?	?	?	?	0
秋	秋	秋	qiu1	qiū	autumn; fall; harvest time	0
巨	?	?	?	?	?	0
迎	?	?	?	?	?	0
秀	?	?	?	?	?	0
搞	搞	搞	gao3	gǎo	do; make; be engaged in	0
丁	丁	丁	ding1	dīng	male adult; robust; cubes (of food); T-shaped (4th Heavenly Stem)	0
吸	?	?	?	?	?	0
審	?	?	?	?	?	0
遍	遍	遍	bian4	biàn	a time; everywhere; turn; (mw for times or turns)	0
墙	牆	牆	qiang2	qiáng	wall	0
朱	?	?	?	?	?	0
聖	?	?	?	?	?	0
避	?	?	?	?	?	0
躍	?	?	?	?	?	0
忌	?	?	?	?	?	0
桌	?	?	?	?	?	0
執	?	?	?	?	?	0
悲	?	?	?	?	?	0
域	?	?	?	?	?	0
曉	?	?	?	?	?	0
弄	弄	弄	nong4	nòng	do; manage; to handle; make	0
亡	?	?	?	?	?	0
桥	橋	橋	qiao2	qiáo	bridge	0
輩	?	?	?	?	?	0
閃	?	?	?	?	?	0
隱	?	?	?	?	?	0
勁	?	?	?	?	?	0
鬧	?	?	?	?	?	0
恐	?	?	?	?	?	0
呀	呀	呀	ya	ya	ah; oh; (used for 啊 after words ending with a, e, i, o, or ü)	0
付	?	?	?	?	?	0
敬	?	?	?	?	?	0
監	?	?	?	?	?	0
廳	?	?	?	?	?	0
庫	?	?	?	?	?	0
震	?	?	?	?	?	0
材	?	?	?	?	?	0
冰	?	?	?	?	?	0
醒	醒	醒	xing3	xǐng	wake up	0
慶	?	?	?	?	?	0
绿	綠	綠	lv4	lǜ	green	0
腿	腿	腿	tui3	tuǐ	leg	0
述	?	?	?	?	?	0
徐	?	?	?	?	?	0
尊	?	?	?	?	?	0
硬	硬	硬	ying4	yìng	hard; stiff; obstinately	0
額	?	?	?	?	?	0
誤	?	?	?	?	?	0
借	借	借	jie4	jiè	lend; borrow; excuse	0
納	?	?	?	?	?	0
折	折	折	zhe2	zhé	to break; to fracture; convert into; to fold	0
售	?	?	?	?	?	0
遺	?	?	?	?	?	0
暴	?	?	?	?	?	0
缺	?	?	?	?	?	0
迷	?	?	?	?	?	0
魯	?	?	?	?	?	0
探	?	?	?	?	?	0
貨	?	?	?	?	?	0
童	?	?	?	?	?	0
緩	?	?	?	?	?	0
偉	?	?	?	?	?	0
君	?	?	?	?	?	0
莊	?	?	?	?	?	0
凡	?	?	?	?	?	0
危	?	?	?	?	?	0
燒	?	?	?	?	?	0
彩	?	?	?	?	?	0
抢	搶	搶	qiang3, qiang1	qiǎng, qiāng	fight over; vie for; grab; rush | bump against	0
控	?	?	?	?	?	0
胸	胸	胸	xiong1	xiōng	chest; bosom; heart	0
戲	?	?	?	?	?	0
篇	篇	篇	pian1	piān	sheet; (mw for articles); piece of writing	0
趣	?	?	?	?	?	0
束	束	束	shu4	shù	to tie; to bind; restrain; (mw for bunches, bundles, bouquets, etc.)	0
謂	?	?	?	?	?	0
概	?	?	?	?	?	0
射	?	?	?	?	?	0
课	課	課	ke4	kè	class; subject; lesson; course	0
洞	洞	洞	dong4	dòng	cave; hole	0
麻	?	?	?	?	?	0
杯	?	?	?	?	?	0
透	?	?	?	?	?	0
郵	?	?	?	?	?	0
榮	?	?	?	?	?	0
懂	懂	懂	dong3	dǒng	understand; know	0
擁	?	?	?	?	?	0
獻	?	?	?	?	?	0
洗	洗	洗	xi3	xǐ	to wash; bathe	0
休	?	?	?	?	?	0
迫	?	?	?	?	?	0
嘆	?	?	?	?	?	0
狗	狗	狗	gou3	gǒu	dog	0
偷	偷	偷	tou1	tōu	steal; pilfer	0
阴	陰	陰	yin1	yīn	cloudy (weather); yin (the negative principle of Yin and Yang); secret; the moon; negative; shade	0
汽	?	?	?	?	?	0
拜	?	?	?	?	?	0
横	橫	橫	heng2	héng	horizontal; across; (horizontal character stroke)	0
鼓	?	?	?	?	?	0
健	?	?	?	?	?	0
厚	厚	厚	hou4	hòu	thick (for flat things); generous	0
签	簽	簽	qian1	qiān	bamboo used for drawing lots; toothpick; to sign (one's name)	0
丹	?	?	?	?	?	0
洛	?	?	?	?	?	0
喊	喊	喊	han3	hǎn	call; cry; shout	0
蓉	?	?	?	?	?	0
輪	?	?	?	?	?	0
岸	岸	岸	an4	àn	bank; shore; beach; coast	0
奶	?	?	?	?	?	0
淡	淡	淡	dan4	dàn	diluted; weak; thin	0
潮	?	?	?	?	?	0
訓	?	?	?	?	?	0
圆	圓	圓	yuan2	yuán	round; circular; formal unit of Chinese currency	0
卷	卷	卷	juan3	juǎn	to roll (up); to coil; (mw for tapes)	0
釋	?	?	?	?	?	0
諸	?	?	?	?	?	0
妙	?	?	?	?	?	0
唯	?	?	?	?	?	0
奪	?	?	?	?	?	0
逐	?	?	?	?	?	0
燕	?	?	?	?	?	0
呆	呆	呆	dai1	dāi	stupid; foolish; blank; dumbstruck; to stay	0
測	?	?	?	?	?	0
浪	?	?	?	?	?	0
抽	?	?	?	?	?	0
盖	蓋	蓋	gai4	gài	lid; top; cover; to build	0
偏	?	?	?	?	?	0
閱	?	?	?	?	?	0
購	?	?	?	?	?	0
途	?	?	?	?	?	0
縱	?	?	?	?	?	0
耶	?	?	?	?	?	0
摸	摸	摸	mo1	mō	to touch; to stroke; fish out; feel out	0
掛	?	?	?	?	?	0
航	?	?	?	?	?	0
擇	?	?	?	?	?	0
恨	恨	恨	hen4	hèn	to hate	0
舍	?	?	?	?	?	0
拳	?	?	?	?	?	0
竹	?	?	?	?	?	0
唐	?	?	?	?	?	0
譽	?	?	?	?	?	0
乘	乘	乘	cheng2	chéng	to ride; to mount; make use of; multiply	0
弱	弱	弱	ruo4	ruò	weak; feeble; young	0
檢	?	?	?	?	?	0
宮	?	?	?	?	?	0
儀	?	?	?	?	?	0
旗	?	?	?	?	?	0
含	?	?	?	?	?	0
袁	?	?	?	?	?	0
址	?	?	?	?	?	0
摆	擺	擺	bai3	bǎi	to put (on); arrange; to sway; pendulum	0
奧	?	?	?	?	?	0
番	番	番	fan1	fān	(mw for acts or deeds); foreign	0
混	?	?	?	?	?	0
滅	?	?	?	?	?	0
握	?	?	?	?	?	0
牙	?	?	?	?	?	0
慮	?	?	?	?	?	0
召	?	?	?	?	?	0
猛	?	?	?	?	?	0
宽	寬	寬	kuan1	kuān	wide; broad; relaxed; lenient	0
盛	盛	盛	cheng2, sheng4	chéng, shèng	contain; to ladle; to fill | flourishing; grand; abundant	0
核	?	?	?	?	?	0
袋	?	?	?	?	?	0
紹	?	?	?	?	?	0
補	?	?	?	?	?	0
典	?	?	?	?	?	0
圈	圈	圈	quan1	quān	circle; ring; (mw for loops, orbits, etc.)	0
丰	?	?	?	?	?	0
雅	?	?	?	?	?	0
吉	?	?	?	?	?	0
贊	?	?	?	?	?	0
茶	茶	茶	cha2	chá	tea	0
亦	亦	亦	yi4	yì	also	0
谷	?	?	?	?	?	0
穩	?	?	?	?	?	0
匯	?	?	?	?	?	0
厲	?	?	?	?	?	0
届	屆	屆	jie4	jiè	arrive at; period; session; (mw for events; meetings; etc.)	0
跡	?	?	?	?	?	0
雷	雷	雷	lei2	léi	thunder	0
序	?	?	?	?	?	0
寒	?	?	?	?	?	0
附	?	?	?	?	?	0
雞	?	?	?	?	?	0
遭	?	?	?	?	?	0
挑	?	?	?	?	?	0
肩	?	?	?	?	?	0
憶	?	?	?	?	?	0
柔	?	?	?	?	?	0
戴	戴	戴	dai4	dài	put on; to wear; to respect	0
惜	?	?	?	?	?	0
隔	?	?	?	?	?	0
豪	?	?	?	?	?	0
誠	?	?	?	?	?	0
瑞	?	?	?	?	?	0
減	?	?	?	?	?	0
播	?	?	?	?	?	0
麼	?	?	?	?	?	0
針	?	?	?	?	?	0
棋	?	?	?	?	?	0
競	?	?	?	?	?	0
臂	臂	臂	bi4	bì	arm	0
挺	挺	挺	ting3	tǐng	straighten up; stick out; rather (good); very	0
操	?	?	?	?	?	0
腰	腰	腰	yao1	yāo	waist; lower back; pocket	0
狂	?	?	?	?	?	0
替	?	?	?	?	?	0
梅	?	?	?	?	?	0
固	?	?	?	?	?	0
倫	?	?	?	?	?	0
宋	?	?	?	?	?	0
鋼	?	?	?	?	?	0
諾	?	?	?	?	?	0
殘	?	?	?	?	?	0
延	?	?	?	?	?	0
虎	?	?	?	?	?	0
迅	?	?	?	?	?	0
災	?	?	?	?	?	0
悄	?	?	?	?	?	0
岳	?	?	?	?	?	0
喬	?	?	?	?	?	0
川	?	?	?	?	?	0
仇	?	?	?	?	?	0
季	?	?	?	?	?	0
吹	吹	吹	chui1	chuī	to blow; to blast; to puff	0
糧	?	?	?	?	?	0
聚	?	?	?	?	?	0
譯	?	?	?	?	?	0
珠	?	?	?	?	?	0
叔	?	?	?	?	?	0
謀	?	?	?	?	?	0
礎	?	?	?	?	?	0
仁	?	?	?	?	?	0
損	?	?	?	?	?	0
融	?	?	?	?	?	0
辆	輛	輛	liang4	liàng	(mw for vehicles)	0
凈	?	?	?	?	?	0
敏	?	?	?	?	?	0
伊	?	?	?	?	?	0
仙	?	?	?	?	?	0
巧	?	?	?	?	?	0
零	零	零	ling2	líng	zero; remnant	0
累	累	累	lei4	lèi	tired	0
享	?	?	?	?	?	0
伴	?	?	?	?	?	0
蕩	?	?	?	?	?	0
珍	?	?	?	?	?	0
勇	?	?	?	?	?	0
末	?	?	?	?	?	0
奮	?	?	?	?	?	0
膽	?	?	?	?	?	0
棄	?	?	?	?	?	0
煩	?	?	?	?	?	0
糊	?	?	?	?	?	0
猶	?	?	?	?	?	0
税	稅	稅	shui4	shuì	tax	0
培	?	?	?	?	?	0
抵	?	?	?	?	?	0
僧	?	?	?	?	?	0
鋒	?	?	?	?	?	0
乃	?	?	?	?	?	0
遙	?	?	?	?	?	0
摩	?	?	?	?	?	0
坦	?	?	?	?	?	0
後	?	?	?	?	?	0
眉	?	?	?	?	?	0
餐	?	?	?	?	?	0
慣	?	?	?	?	?	0
凭	憑	憑	ping2	píng	lean against; evidence; proof; no matter (what/how/etc.)	0
冠	?	?	?	?	?	0
抬	擡	擡	tai2	tái	to lift; to raise (with both palms up); carry (together)	0
碰	碰	碰	peng4	pèng	to touch; to bump; to encounter	0
幣	?	?	?	?	?	0
啟	?	?	?	?	?	0
碼	?	?	?	?	?	0
冒	?	?	?	?	?	0
汗	汗	汗	han4	hàn	sweat; perspiration; Khan	0
俗	?	?	?	?	?	0
灰	灰	灰	hui1	huī	ash; gray (grey); dust; lime	0
督	?	?	?	?	?	0
穷	窮	窮	qiong2	qióng	poor; exhausted	0
颇	頗	頗	po1	pō	rather; quite; inclined to one side	0
傾	?	?	?	?	?	0
尖	?	?	?	?	?	0
韓	?	?	?	?	?	0
貿	?	?	?	?	?	0
仿	?	?	?	?	?	0
孤	?	?	?	?	?	0
飘	飄	飄	piao1	piāo	to float; flutter	0
漫	?	?	?	?	?	0
予	?	?	?	?	?	0
紫	紫	紫	zi3	zǐ	purple	0
側	?	?	?	?	?	0
沿	?	?	?	?	?	0
拔	?	?	?	?	?	0
袖	?	?	?	?	?	0
梁	?	?	?	?	?	0
賞	?	?	?	?	?	0
幕	?	?	?	?	?	0
壁	?	?	?	?	?	0
旦	?	?	?	?	?	0
晨	?	?	?	?	?	0
純	?	?	?	?	?	0
閉	?	?	?	?	?	0
涼	?	?	?	?	?	0
掃	?	?	?	?	?	0
尤	?	?	?	?	?	0
炮	?	?	?	?	?	0
碗	碗	碗	wan3	wǎn	bowl; cup	0
貼	?	?	?	?	?	0
插	插	插	cha1	chā	to insert; stick in; pierce	0
滚	滾	滾	gun3	gǔn	to roll; get lost; to boil	0
緣	?	?	?	?	?	0
寺	?	?	?	?	?	0
貝	?	?	?	?	?	0
潤	?	?	?	?	?	0
氏	?	?	?	?	?	0
冬	冬	冬	dong1	dōng	winter	0
擴	?	?	?	?	?	0
欄	?	?	?	?	?	0
荒	?	?	?	?	?	0
哲	?	?	?	?	?	0
逼	?	?	?	?	?	0
吓	嚇	嚇	xia4	xià	frighten; to scare; intimidate	0
堆	堆	堆	dui1	duī	pile; heap; stack; crowd	0
撞	撞	撞	zhuang4	zhuàng	to hit; collide; run into	0
郎	?	?	?	?	?	0
俩	倆	倆	liang3	liǎng	(colloquial) two (people)	0
蓝	藍	藍	lan2	lán	blue	0
閑	?	?	?	?	?	0
辛	?	?	?	?	?	0
鏡	?	?	?	?	?	0
陪	陪	陪	pei2	péi	accompany; keep company	0
骑	騎	騎	qi2	qí	to ride (an animal or bike); to sit astride	0
蛋	?	?	?	?	?	0
促	?	?	?	?	?	0
羊	?	?	?	?	?	0
宜	?	?	?	?	?	0
嘛	嘛	嘛	ma, ma2	ma, má	(used to persuade somebody to do something); (particle indicating obviousness) | (colloqial) what?	0
顏	?	?	?	?	?	0
貧	?	?	?	?	?	0
幅	幅	幅	fu2	fú	width of cloth; size; (mw for pictures, paintings, textiles)	0
駐	?	?	?	?	?	0
萍	?	?	?	?	?	0
污	?	?	?	?	?	0
傑	?	?	?	?	?	0
扑	撲	撲	pu1	pū	to assault; rush at; throw oneself on	0
壯	?	?	?	?	?	0
薩	?	?	?	?	?	0
刑	?	?	?	?	?	0
憂	?	?	?	?	?	0
貌	?	?	?	?	?	0
獄	?	?	?	?	?	0
塞	?	?	?	?	?	0
鳳	?	?	?	?	?	0
孔	孔	孔	kong3	kǒng	hole	0
觸	?	?	?	?	?	0
戀	?	?	?	?	?	0
豈	?	?	?	?	?	0
森	?	?	?	?	?	0
繁	?	?	?	?	?	0
碎	碎	碎	sui4	suì	broken; break into pieces	0
津	?	?	?	?	?	0
俠	?	?	?	?	?	0
隆	?	?	?	?	?	0
遲	?	?	?	?	?	0
輝	?	?	?	?	?	0
狠	?	?	?	?	?	0
析	?	?	?	?	?	0
縮	?	?	?	?	?	0
穴	?	?	?	?	?	0
蕭	?	?	?	?	?	0
怨	?	?	?	?	?	0
磨	?	?	?	?	?	0
伏	?	?	?	?	?	0
辭	?	?	?	?	?	0
泥	?	?	?	?	?	0
齡	?	?	?	?	?	0
徑	?	?	?	?	?	0
鼻	?	?	?	?	?	0
賴	?	?	?	?	?	0
仰	?	?	?	?	?	0
憤	?	?	?	?	?	0
慕	?	?	?	?	?	0
俄	?	?	?	?	?	0
映	?	?	?	?	?	0
詢	?	?	?	?	?	0
慘	?	?	?	?	?	0
麥	?	?	?	?	?	0
宿	?	?	?	?	?	0
倍	倍	倍	bei4	bèi	(two, three, etc)-fold; times (multiplier)	0
粗	?	?	?	?	?	0
騰	?	?	?	?	?	0
稍	?	?	?	?	?	0
截	?	?	?	?	?	0
染	染	染	ran3	rǎn	dye; to catch (a disease)	0
烏	?	?	?	?	?	0
愈	愈	愈	yu4	yù	recover; heal; the more ... the more	0
崗	?	?	?	?	?	0
柳	?	?	?	?	?	0
铺	鋪	鋪	pu4, pu1	pù, pū	bed; store | to spread; to lay	0
涉	?	?	?	?	?	0
疾	?	?	?	?	?	0
挡	擋	擋	dang3	dǎng	to block; hinder; gear; equipment	0
奉	?	?	?	?	?	0
踏	?	?	?	?	?	0
忠	?	?	?	?	?	0
伍	?	?	?	?	?	0
躲	?	?	?	?	?	0
籍	?	?	?	?	?	0
努	?	?	?	?	?	0
朗	?	?	?	?	?	0
箱	?	?	?	?	?	0
裁	?	?	?	?	?	0
帳	?	?	?	?	?	0
兼	?	?	?	?	?	0
彼	?	?	?	?	?	0
霞	霞	霞	xia2	xiá	red clouds	0
猪	豬	豬	zhu1	zhū	pig	0
悉	?	?	?	?	?	0
扎	紮	紮	zha1	zhā	to prick; push a needle into; penetrating	0
劝	勸	勸	quan4	quàn	advise; to urge; persuade	0
薄	薄	薄	bao2	báo	thin; flimsy; weak (first two pronunciations)	0
築	?	?	?	?	?	0
俊	?	?	?	?	?	0
鞋	?	?	?	?	?	0
距	?	?	?	?	?	0
侵	?	?	?	?	?	0
欣	?	?	?	?	?	0
擠	?	?	?	?	?	0
媒	?	?	?	?	?	0
吐	吐	吐	tu3, tu4	tǔ, tù	to spit | to vomit; throw up	0
魂	?	?	?	?	?	0
潔	?	?	?	?	?	0
枝	枝	枝	zhi1	zhī	branch; twig; (mw for sticks, rods, pencils)	0
盈	?	?	?	?	?	0
阻	?	?	?	?	?	0
陷	?	?	?	?	?	0
甲	甲	甲	jia3	jiǎ	one; armor (1st Heavenly Stem)	0
鄭	?	?	?	?	?	0
鳴	?	?	?	?	?	0
倘	?	?	?	?	?	0
剩	剩	剩	sheng4	shèng	have as remainder; be left over; surplus	0
颗	顆	顆	ke1	kē	(mw for hearts and small, round things like seeds, grains, beans, etc.)	0
拖	?	?	?	?	?	0
舒	?	?	?	?	?	0
惠	?	?	?	?	?	0
昏	?	?	?	?	?	0
振	?	?	?	?	?	0
戒	戒	戒	jie4	jiè	warn against; swear off	0
喪	?	?	?	?	?	0
焦	?	?	?	?	?	0
爬	?	?	?	?	?	0
凌	?	?	?	?	?	0
慧	?	?	?	?	?	0
偶	?	?	?	?	?	0
晃	晃	晃	huang4	huàng	to sway; to shake	0
桃	桃	桃	tao2	táo	peach	0
赤	?	?	?	?	?	0
烂	爛	爛	lan4	làn	overcooked; rotten; soft; mushy	0
骗	騙	騙	pian4	piàn	to cheat; to swindle; deceive	0
措	?	?	?	?	?	0
页	頁	頁	ye4	yè	page; leaf (Kangxi radical 181)	0
凶	?	?	?	?	?	0
泰	?	?	?	?	?	0
屍	?	?	?	?	?	0
坡	坡	坡	po1	pō	slope	0
勒	?	?	?	?	?	0
療	?	?	?	?	?	0
塔	塔	塔	ta3	tǎ	pagoda; tower	0
塵	?	?	?	?	?	0
躺	躺	躺	tang3	tǎng	recline; lie down (on back or side)	0
殊	?	?	?	?	?	0
慰	?	?	?	?	?	0
壇	?	?	?	?	?	0
甘	?	?	?	?	?	0
咬	咬	咬	yao3	yǎo	to bite; to nip	0
拒	?	?	?	?	?	0
彪	?	?	?	?	?	0
炸	?	?	?	?	?	0
井	井	井	jing3	jǐng	a well	0
崇	?	?	?	?	?	0
飲	?	?	?	?	?	0
祝	?	?	?	?	?	0
汪	?	?	?	?	?	0
牢	?	?	?	?	?	0
桂	?	?	?	?	?	0
尾	?	?	?	?	?	0
漂	?	?	?	?	?	0
聊	?	?	?	?	?	0
撒	?	?	?	?	?	0
恰	?	?	?	?	?	0
凝	?	?	?	?	?	0
矛	?	?	?	?	?	0
於	?	?	?	?	?	0
賓	?	?	?	?	?	0
緒	?	?	?	?	?	0
彭	?	?	?	?	?	0
肚	?	?	?	?	?	0
匆	?	?	?	?	?	0
描	?	?	?	?	?	0
粉	?	?	?	?	?	0
贼	賊	賊	zei2	zéi	thief	0
乏	?	?	?	?	?	0
盾	?	?	?	?	?	0
愁	?	?	?	?	?	0
斜	斜	斜	xie2	xié	slanting; tilted	0
裂	?	?	?	?	?	0
滑	滑	滑	hua2	huá	slippery; cunning; crafty	0
斐	?	?	?	?	?	0
廢	?	?	?	?	?	0
寂	?	?	?	?	?	0
涌	?	?	?	?	?	0
詳	?	?	?	?	?	0
汤	湯	湯	tang1	tāng	soup; broth	0
徹	?	?	?	?	?	0
玄	?	?	?	?	?	0
斤	?	?	?	?	?	0
轟	?	?	?	?	?	0
奸	?	?	?	?	?	0
憐	?	?	?	?	?	0
朵	朵	朵	duo3	duǒ	(mw for flowers and clouds)	0
佳	?	?	?	?	?	0
皆	皆	皆	jie1	jiē	all; each and every; in all cases	0
鸟	鳥	鳥	niao3	niǎo	bird (Kangxi radical 196)	0
邦	?	?	?	?	?	0
扶	扶	扶	fu2	fú	to support with hand; to help somebody up	0
毀	?	?	?	?	?	0
聰	?	?	?	?	?	0
辯	?	?	?	?	?	0
瓶	?	?	?	?	?	0
饿	餓	餓	e4	è	hungry	0
蛇	蛇	蛇	she2	shé	snake; serpent	0
捕	?	?	?	?	?	0
搬	搬	搬	ban1	bān	to move; to transport	0
沈	?	?	?	?	?	0
楓	?	?	?	?	?	0
舅	?	?	?	?	?	0
幽	?	?	?	?	?	0
魔	?	?	?	?	?	0
琴	?	?	?	?	?	0
挣	掙	掙	zheng4, zheng1	zhèng, zhēng	to earn | to struggle	0
聘	?	?	?	?	?	0
彎	?	?	?	?	?	0
墓	?	?	?	?	?	0
欺	?	?	?	?	?	0
悟	?	?	?	?	?	0
蔣	?	?	?	?	?	0
臣	?	?	?	?	?	0
返	?	?	?	?	?	0
違	?	?	?	?	?	0
虧	?	?	?	?	?	0
丢	丟	丟	diu1	diū	lose (something); throw; put aside	0
援	?	?	?	?	?	0
赫	?	?	?	?	?	0
魏	?	?	?	?	?	0
耐	?	?	?	?	?	0
佩	?	?	?	?	?	0
酸	酸	酸	suan1	suān	sour; sore; ache	0
盟	?	?	?	?	?	0
胖	胖	胖	pang4	pàng	fat; plump	0
傻	傻	傻	sha3	shǎ	foolish; fool	0
绕	繞	繞	rao4	rào	to wind; to coil; move round	0
哼	哼	哼	heng1	hēng	groan; snort; to hum; croon	0
秦	?	?	?	?	?	0
屈	?	?	?	?	?	0
辱	?	?	?	?	?	0
昨	?	?	?	?	?	0
瘦	瘦	瘦	shou4	shòu	thin; tight; lean	0
暫	?	?	?	?	?	0
箭	?	?	?	?	?	0
署	?	?	?	?	?	0
赴	?	?	?	?	?	0
递	遞	遞	di4	dì	hand over; to pass; to give	0
猜	猜	猜	cai1	cāi	to guess	0
潛	?	?	?	?	?	0
鴻	?	?	?	?	?	0
績	?	?	?	?	?	0
耀	?	?	?	?	?	0
塗	?	?	?	?	?	0
割	割	割	ge1	gē	to cut (apart/off)	0
豆	?	?	?	?	?	0
悶	?	?	?	?	?	0
亭	?	?	?	?	?	0
祥	?	?	?	?	?	0
勵	?	?	?	?	?	0
宇	?	?	?	?	?	0
泛	?	?	?	?	?	0
狼	?	?	?	?	?	0
悔	?	?	?	?	?	0
搭	搭	搭	da1	dā	to erect; to build; travel by (car, plane, etc.); to hang; to join	0
艦	?	?	?	?	?	0
浮	?	?	?	?	?	0
牵	牽	牽	qian1	qiān	to lead along; to pull (an animal on a tether)	0
符	?	?	?	?	?	0
肅	?	?	?	?	?	0
奴	?	?	?	?	?	0
爆	?	?	?	?	?	0
姊	?	?	?	?	?	0
幼	?	?	?	?	?	0
夾	?	?	?	?	?	0
邀	?	?	?	?	?	0
瘋	?	?	?	?	?	0
允	?	?	?	?	?	0
惱	?	?	?	?	?	0
租	租	租	zu1	zū	to rent	0
椅	?	?	?	?	?	0
尺	?	?	?	?	?	0
侍	?	?	?	?	?	0
腐	?	?	?	?	?	0
顫	?	?	?	?	?	0
扭	?	?	?	?	?	0
菲	?	?	?	?	?	0
瓦	?	?	?	?	?	0
擦	擦	擦	ca1	cā	to wipe; to rub; to polish	0
辣	辣	辣	la4	là	hot (spicy)	0
奏	?	?	?	?	?	0
殷	?	?	?	?	?	0
埋	?	?	?	?	?	0
摔	?	?	?	?	?	0
盼	?	?	?	?	?	0
吟	?	?	?	?	?	0
渡	?	?	?	?	?	0
衫	?	?	?	?	?	0
跨	跨	跨	kua4	kuà	step across; stride; straddle; to cross	0
醉	醉	醉	zui4	zuì	intoxicated; become drunk	0
艱	?	?	?	?	?	0
掩	?	?	?	?	?	0
荷	?	?	?	?	?	0
蒼	?	?	?	?	?	0
旋	?	?	?	?	?	0
揭	?	?	?	?	?	0
桑	?	?	?	?	?	0
仗	?	?	?	?	?	0
蓮	?	?	?	?	?	0
鑽	?	?	?	?	?	0
宏	?	?	?	?	?	0
幻	?	?	?	?	?	0
刃	?	?	?	?	?	0
峽	?	?	?	?	?	0
遼	?	?	?	?	?	0
娃	?	?	?	?	?	0
凱	?	?	?	?	?	0
患	?	?	?	?	?	0
障	?	?	?	?	?	0
丐	?	?	?	?	?	0
衡	?	?	?	?	?	0
猫	貓	貓	mao1	māo	cat	0
丑	醜	醜	chou3	chǒu	ugly; disgraceful (2nd Earthly Branch)	0
濤	?	?	?	?	?	0
暖	?	?	?	?	?	0
溜	溜	溜	liu1	liū	slip away; to skate; to glide	0
锅	鍋	鍋	guo1	guō	pot; pan; boiler	0
奈	?	?	?	?	?	0
罰	?	?	?	?	?	0
拾	拾	拾	shi2	shí	pick up; ten (banker's anti-fraud numeral)	0
浓	濃	濃	nong2	nóng	concentrated; dense	0
鍵	?	?	?	?	?	0
脈	?	?	?	?	?	0
锁	鎖	鎖	suo3	suǒ	lock	0
鄰	?	?	?	?	?	0
臭	臭	臭	chou4	chòu	stench; stink	0
芳	?	?	?	?	?	0
垂	?	?	?	?	?	0
捉	?	?	?	?	?	0
恢	?	?	?	?	?	0
姆	?	?	?	?	?	0
砍	砍	砍	kan3	kǎn	to chop; cut down	0
駕	?	?	?	?	?	0
恭	?	?	?	?	?	0
挨	挨	挨	ai1	āi	get close to; in sequence	0
禍	?	?	?	?	?	0
曹	?	?	?	?	?	0
慈	?	?	?	?	?	0
抖	?	?	?	?	?	0
泉	?	?	?	?	?	0
覽	?	?	?	?	?	0
澳	?	?	?	?	?	0
臟	?	?	?	?	?	0
疼	疼	疼	teng2	téng	ache; sore; (it) hurts; love fondly	0
铜	銅	銅	tong2	tóng	copper	0
羞	?	?	?	?	?	0
檔	?	?	?	?	?	0
拋	?	?	?	?	?	0
苗	?	?	?	?	?	0
惑	?	?	?	?	?	0
肥	?	?	?	?	?	0
驅	?	?	?	?	?	0
窝	窩	窩	wo1	wō	nest; den	0
褲	?	?	?	?	?	0
估	?	?	?	?	?	0
胞	?	?	?	?	?	0
柄	?	?	?	?	?	0
闊	?	?	?	?	?	0
杜	?	?	?	?	?	0
勤	?	?	?	?	?	0
舟	舟	舟	zhou1	zhōu	boat (Kangxi radical 137)	0
帽	?	?	?	?	?	0
瑪	?	?	?	?	?	0
撤	?	?	?	?	?	0
頻	?	?	?	?	?	0
禪	?	?	?	?	?	0
柯	?	?	?	?	?	0
萊	?	?	?	?	?	0
堪	?	?	?	?	?	0
寸	?	?	?	?	?	0
哀	?	?	?	?	?	0
熊	?	?	?	?	?	0
腹	?	?	?	?	?	0
尝	嘗	嘗	chang2	cháng	to taste; flavor; (past tense marker)	0
敲	敲	敲	qiao1	qiāo	knock; blackmail	0
勃	?	?	?	?	?	0
巡	?	?	?	?	?	0
盜	?	?	?	?	?	0
籌	?	?	?	?	?	0
扣	扣	扣	kou4	kòu	to fasten; to button; button; buckle; knot; to arrest; to confiscate; to deduct (money); discount; to knock; put upside down; to smash or spike (a ball); to cover (with a bowl etc); fig. to tag a label on sb	0
池	?	?	?	?	?	0
浅	淺	淺	qian3	qiǎn	shallow; simple; superficial; light (of colors)	0
柴	?	?	?	?	?	0
埃	?	?	?	?	?	0
嫁	嫁	嫁	jia4	jià	marry (a husband); take a husband	0
枚	枚	枚	mei2	méi	(mw for coins, rings, medals)	0
稀	?	?	?	?	?	0
雕	?	?	?	?	?	0
厭	?	?	?	?	?	0
瓜	?	?	?	?	?	0
壽	?	?	?	?	?	0
跌	跌	跌	die1	diē	to fall down; to drop	0
扯	?	?	?	?	?	0
董	?	?	?	?	?	0
錦	?	?	?	?	?	0
鑒	?	?	?	?	?	0
刷	?	?	?	?	?	0
趨	?	?	?	?	?	0
捐	捐	捐	juan1	juān	to contribute; to donate; to subsribe to; to abandon; to relinquish; contribution; tax	0
傲	?	?	?	?	?	0
貫	?	?	?	?	?	0
殿	?	?	?	?	?	0
拨	撥	撥	bo1	bō	to dial; move with a hand/foot; stir; poke; allocate (money)	0
遜	?	?	?	?	?	0
踢	?	?	?	?	?	0
賠	?	?	?	?	?	0
姿	?	?	?	?	?	0
遷	?	?	?	?	?	0
黎	?	?	?	?	?	0
祭	?	?	?	?	?	0
滴	滴	滴	di1	dī	to drip; drop; (mw for drops of liquid)	0
襲	?	?	?	?	?	0
慌	?	?	?	?	?	0
鞭	?	?	?	?	?	0
茫	?	?	?	?	?	0
逢	逢	逢	feng2	féng	to meet; come upon	0
屠	?	?	?	?	?	0
昆	?	?	?	?	?	0
柏	?	?	?	?	?	0
駛	?	?	?	?	?	0
咐	?	?	?	?	?	0
植	?	?	?	?	?	0
懼	?	?	?	?	?	0
紐	?	?	?	?	?	0
捷	?	?	?	?	?	0
圳	?	?	?	?	?	0
牲	?	?	?	?	?	0
蹤	?	?	?	?	?	0
丛	叢	叢	cong2	cóng	crowd together; thicket; collection	0
漠	?	?	?	?	?	0
銳	?	?	?	?	?	0
喇	?	?	?	?	?	0
干	乾	乾	gan1	gān	to concern; shield; dry; clean (Kangxi radical 51)	0
霍	?	?	?	?	?	0
濕	?	?	?	?	?	0
睁	睜	睜	zheng1	zhēng	to open (eyes)	0
仔	?	?	?	?	?	0
吵	吵	吵	chao3	chǎo	to quarrel; make noise	0
悠	?	?	?	?	?	0
溝	?	?	?	?	?	0
墨	?	?	?	?	?	0
串	串	串	chuan4	chuàn	string together; conspire; gang up; mix up; bunch	0
俱	?	?	?	?	?	0
陶	?	?	?	?	?	0
貢	?	?	?	?	?	0
渾	?	?	?	?	?	0
赢	贏	贏	ying2	yíng	to win; to beat; to profit	0
屁	?	?	?	?	?	0
馳	?	?	?	?	?	0
棒	棒	棒	bang4	bàng	stick; club; good; excellent	0
匹	匹	匹	pi3	pǐ	ordinary person; (mw for horses, bolt of cloth)	0
拼	?	?	?	?	?	0
恆	?	?	?	?	?	0
邪	?	?	?	?	?	0
脆	?	?	?	?	?	0
糟	?	?	?	?	?	0
扮	?	?	?	?	?	0
賢	?	?	?	?	?	0
飾	?	?	?	?	?	0
償	?	?	?	?	?	0
拆	拆	拆	chai1	chāi	unravel; to tear; demolish	0
纏	?	?	?	?	?	0
攝	?	?	?	?	?	0
擬	?	?	?	?	?	0
滋	?	?	?	?	?	0
嘿	嘿	嘿	hei1	hēi	hey; interjection for calling attention	0
旨	?	?	?	?	?	0
闯	闖	闖	chuang3	chuǎng	rush; break through; to temper oneself (by battling difficulties)	0
賀	?	?	?	?	?	0
翠	?	?	?	?	?	0
縫	?	?	?	?	?	0
饱	飽	飽	bao3	bǎo	eat until full; satisfied	0
劫	?	?	?	?	?	0
撫	?	?	?	?	?	0
挖	?	?	?	?	?	0
册	冊	冊	ce4	cè	book; (mw for books)	0
叛	?	?	?	?	?	0
肖	?	?	?	?	?	0
熙	?	?	?	?	?	0
煉	?	?	?	?	?	0
憲	?	?	?	?	?	0
廟	?	?	?	?	?	0
碧	?	?	?	?	?	0
盒	?	?	?	?	?	0
誼	?	?	?	?	?	0
儲	?	?	?	?	?	0
馮	?	?	?	?	?	0
喚	?	?	?	?	?	0
貪	?	?	?	?	?	0
臥	?	?	?	?	?	0
翼	翼	翼	yi4	yì	wings; fins on fish; shelter	0
擾	?	?	?	?	?	0
脅	?	?	?	?	?	0
跪	跪	跪	gui4	guì	kneel	0
碑	?	?	?	?	?	0
呵	呵	呵	he1	hē	breathe out; scold	0
甜	甜	甜	tian2	tián	sweet	0
洒	灑	灑	sa3	sǎ	to sprinkle; to spray; to spill	0
譜	?	?	?	?	?	0
莎	?	?	?	?	?	0
娜	?	?	?	?	?	0
閣	?	?	?	?	?	0
庸	?	?	?	?	?	0
鵬	?	?	?	?	?	0
覆	?	?	?	?	?	0
玲	?	?	?	?	?	0
侯	?	?	?	?	?	0
抹	?	?	?	?	?	0
盧	?	?	?	?	?	0
礙	?	?	?	?	?	0
綜	?	?	?	?	?	0
丘	?	?	?	?	?	0
晕	暈	暈	yun1	yūn	dizzy; to fain	0
拦	攔	攔	lan2	lán	to block; to cut off; hinder	0
燃	?	?	?	?	?	0
昌	?	?	?	?	?	0
吞	?	?	?	?	?	0
嫌	嫌	嫌	xian2	xián	to dislike; suspicion; grudge	0
狄	?	?	?	?	?	0
押	?	?	?	?	?	0
舌	?	?	?	?	?	0
琳	?	?	?	?	?	0
雾	霧	霧	wu4	wù	fog; mist	0
曼	?	?	?	?	?	0
恥	?	?	?	?	?	0
柜	?	?	?	?	?	0
摊	攤	攤	tan1	tān	to spread out; vendor's stand; booth; fry; (mw for puddles)	0
削	削	削	xue1	xuē	to pare/peel with a knife; to cut; to chop	0
戚	?	?	?	?	?	0
杆	?	?	?	?	?	0
岩	?	?	?	?	?	0
喂	喂	喂	wei4, wei2	wèi, wéi	hey; to feed | hello (on the phone)	0
扔	扔	扔	reng1	rēng	to throw; throw away	0
逝	?	?	?	?	?	0
誕	?	?	?	?	?	0
懸	?	?	?	?	?	0
爽	?	?	?	?	?	0
崔	?	?	?	?	?	0
廷	?	?	?	?	?	0
湊	?	?	?	?	?	0
痴	?	?	?	?	?	0
盆	盆	盆	pen2	pén	basin; (flower) pot	0
御	?	?	?	?	?	0
酷	?	?	?	?	?	0
艾	?	?	?	?	?	0
唉	唉	唉	ai4	ài	(an exclamation indicating resignation); oh well; oh; mm	0
姥	?	?	?	?	?	0
籠	?	?	?	?	?	0
顛	?	?	?	?	?	0
姻	?	?	?	?	?	0
攜	?	?	?	?	?	0
愧	?	?	?	?	?	0
芬	?	?	?	?	?	0
穆	?	?	?	?	?	0
扇	?	?	?	?	?	0
郁	?	?	?	?	?	0
擲	?	?	?	?	?	0
怔	?	?	?	?	?	0
芯	?	?	?	?	?	0
鼠	?	?	?	?	?	0
糾	?	?	?	?	?	0
疆	?	?	?	?	?	0
曰	?	?	?	?	?	0
傅	?	?	?	?	?	0
袍	?	?	?	?	?	0
唇	?	?	?	?	?	0
穌	?	?	?	?	?	0
捧	捧	捧	peng3	pěng	hold or carry with both hands facing up	0
勾	?	?	?	?	?	0
牧	?	?	?	?	?	0
儒	?	?	?	?	?	0
慨	?	?	?	?	?	0
筋	?	?	?	?	?	0
柱	?	?	?	?	?	0
卑	?	?	?	?	?	0
咽	?	?	?	?	?	0
吨	噸	噸	dun1	dūn	ton	0
蟲	?	?	?	?	?	0
繩	?	?	?	?	?	0
廚	?	?	?	?	?	0
冤	?	?	?	?	?	0
涨	漲	漲	zhang3, zhang4	zhǎng, zhàng	to rise (of prices, rivers); to go up | to swell; to bloat	0
皺	?	?	?	?	?	0
疲	?	?	?	?	?	0
賭	?	?	?	?	?	0
饒	?	?	?	?	?	0
礦	?	?	?	?	?	0
暢	?	?	?	?	?	0
煤	?	?	?	?	?	0
腕	?	?	?	?	?	0
噴	?	?	?	?	?	0
遣	?	?	?	?	?	0
浩	?	?	?	?	?	0
翁	?	?	?	?	?	0
咨	?	?	?	?	?	0
鏢	?	?	?	?	?	0
屏	?	?	?	?	?	0
仲	?	?	?	?	?	0
嘻	?	?	?	?	?	0
吩	?	?	?	?	?	0
棉	?	?	?	?	?	0
孟	?	?	?	?	?	0
撐	?	?	?	?	?	0
爐	?	?	?	?	?	0
泄	?	?	?	?	?	0
葬	?	?	?	?	?	0
搜	?	?	?	?	?	0
添	?	?	?	?	?	0
遵	?	?	?	?	?	0
迪	?	?	?	?	?	0
偽	?	?	?	?	?	0
兆	?	?	?	?	?	0
欠	欠	欠	qian4	qiàn	yawn; to lack; owe (Kangxi radical 76)	0
諒	?	?	?	?	?	0
炎	?	?	?	?	?	0
氛	?	?	?	?	?	0
杖	?	?	?	?	?	0
瞎	瞎	瞎	xia1	xiā	blind	0
钓	釣	釣	diao4	diào	to fish	0
腸	?	?	?	?	?	0
披	披	披	pi1	pī	drape over one's shoulders; split open; open	0
剝	?	?	?	?	?	0
誓	?	?	?	?	?	0
赚	賺	賺	zhuan4	zhuàn	earn; make a profit	0
役	?	?	?	?	?	0
泡	?	?	?	?	?	0
逆	?	?	?	?	?	0
矮	矮	矮	ai3	ǎi	short; low	0
吊	吊	吊	diao4	diào	hang; suspend	0
填	?	?	?	?	?	0
嘉	?	?	?	?	?	0
燭	?	?	?	?	?	0
廈	?	?	?	?	?	0
夕	?	?	?	?	?	0
衰	?	?	?	?	?	0
液	?	?	?	?	?	0
薛	?	?	?	?	?	0
仆	?	?	?	?	?	0
迈	邁	邁	mai4	mài	to step; stride	0
齒	?	?	?	?	?	0
謹	?	?	?	?	?	0
呈	?	?	?	?	?	0
昂	?	?	?	?	?	0
抄	抄	抄	chao1	chāo	to copy; plagiarize; search and confiscate	0
彌	?	?	?	?	?	0
渴	渴	渴	ke3	kě	thirsty	0
梯	?	?	?	?	?	0
疏	?	?	?	?	?	0
耗	?	?	?	?	?	0
瞪	瞪	瞪	deng4	dèng	stare at; to glower	0
斥	?	?	?	?	?	0
夸	誇	誇	kua1	kuā	to boast; to praise; exaggerate	0
蒂	?	?	?	?	?	0
剪	?	?	?	?	?	0
娶	娶	娶	qu3	qǔ	marry (a wife); take a wife	0
痕	?	?	?	?	?	0
弗	?	?	?	?	?	0
姚	?	?	?	?	?	0
債	?	?	?	?	?	0
妥	?	?	?	?	?	0
璃	?	?	?	?	?	0
掏	掏	掏	tao1	tāo	fish out (from pocket)	0
剎	?	?	?	?	?	0
晶	?	?	?	?	?	0
衷	?	?	?	?	?	0
膚	?	?	?	?	?	0
鹿	?	?	?	?	?	0
拓	?	?	?	?	?	0
卓	?	?	?	?	?	0
癥	?	?	?	?	?	0
糖	糖	糖	tang2	táng	sugar; candy; sweets	0
欽	?	?	?	?	?	0
綿	?	?	?	?	?	0
哩	?	?	?	?	?	0
誘	?	?	?	?	?	0
枯	?	?	?	?	?	0
歇	歇	歇	xie1	xiē	to rest; to go to bed; to take a break	0
塑	?	?	?	?	?	0
妨	?	?	?	?	?	0
豫	?	?	?	?	?	0
抑	?	?	?	?	?	0
珊	?	?	?	?	?	0
棍	?	?	?	?	?	0
晉	?	?	?	?	?	0
淋	淋	淋	lin2	lín	to drain; to drip; drench	0
悅	?	?	?	?	?	0
敦	?	?	?	?	?	0
艷	?	?	?	?	?	0
玻	?	?	?	?	?	0
砸	砸	砸	za2	zá	to smash; to pound; to break; fail	0
嚷	嚷	嚷	rang3	rǎng	blurt out; shout	0
盲	?	?	?	?	?	0
辨	?	?	?	?	?	0
葛	?	?	?	?	?	0
罕	?	?	?	?	?	0
矩	?	?	?	?	?	0
泳	?	?	?	?	?	0
宅	?	?	?	?	?	0
貸	?	?	?	?	?	0
膀	?	?	?	?	?	0
捏	捏	捏	nie1	niē	to pinch (with one's fingers); knead	0
頸	?	?	?	?	?	0
踐	?	?	?	?	?	0
脖	?	?	?	?	?	0
賈	?	?	?	?	?	0
轎	?	?	?	?	?	0
脾	?	?	?	?	?	0
堡	?	?	?	?	?	0
嬌	?	?	?	?	?	0
浙	?	?	?	?	?	0
劣	?	?	?	?	?	0
瀟	?	?	?	?	?	0
賜	?	?	?	?	?	0
陀	?	?	?	?	?	0
蓄	?	?	?	?	?	0
墳	?	?	?	?	?	0
頌	?	?	?	?	?	0
漏	漏	漏	lou4	lòu	to leak; to funnel; to let out	0
杭	?	?	?	?	?	0
茅	?	?	?	?	?	0
砖	磚	磚	zhuan1	zhuān	brick	0
瞬	?	?	?	?	?	0
鶴	?	?	?	?	?	0
辟	?	?	?	?	?	0
漁	?	?	?	?	?	0
乖	乖	乖	guai1	guāi	(of a child) obedient; well-behaved; clever; perverse; contrary to reason	0
霸	?	?	?	?	?	0
襄	?	?	?	?	?	0
炒	炒	炒	chao3	chǎo	to stir-fry; saute	0
啞	?	?	?	?	?	0
浦	?	?	?	?	?	0
餅	?	?	?	?	?	0
犧	?	?	?	?	?	0
灘	?	?	?	?	?	0
釘	?	?	?	?	?	0
吁	?	?	?	?	?	0
錫	?	?	?	?	?	0
贈	?	?	?	?	?	0
哄	哄	哄	hong3	hǒng	fool; coax; to amuse (a child)	0
铃	鈴	鈴	ling2	líng	bell	0
頑	?	?	?	?	?	0
殖	?	?	?	?	?	0
鷹	?	?	?	?	?	0
蔡	?	?	?	?	?	0
催	催	催	cui1	cuī	to press; to urge; to hurry	0
芙	?	?	?	?	?	0
彬	?	?	?	?	?	0
拚	?	?	?	?	?	0
軌	?	?	?	?	?	0
喲	?	?	?	?	?	0
歉	?	?	?	?	?	0
盯	盯	盯	ding1	dīng	to stare; to gaze	0
碩	?	?	?	?	?	0
惹	?	?	?	?	?	0
契	?	?	?	?	?	0
愚	?	?	?	?	?	0
帅	帥	帥	shuai4	shuài	handsome; graceful; commander-in-chief	0
惶	?	?	?	?	?	0
憾	?	?	?	?	?	0
懒	懶	懶	lan3	lǎn	lazy	0
姨	?	?	?	?	?	0
喘	?	?	?	?	?	0
獸	?	?	?	?	?	0
陌	?	?	?	?	?	0
罩	?	?	?	?	?	0
獵	?	?	?	?	?	0
嵩	?	?	?	?	?	0
盐	鹽	鹽	yan2	yán	salt	0
飢	?	?	?	?	?	0
凄	?	?	?	?	?	0
喉	?	?	?	?	?	0
宴	?	?	?	?	?	0
腔	?	?	?	?	?	0
翰	?	?	?	?	?	0
膝	?	?	?	?	?	0
陵	?	?	?	?	?	0
蜂	?	?	?	?	?	0
邏	?	?	?	?	?	0
劈	劈	劈	pi1	pī	split in two; to divide	0
廉	?	?	?	?	?	0
裹	?	?	?	?	?	0
驕	?	?	?	?	?	0
販	?	?	?	?	?	0
繪	?	?	?	?	?	0
崖	?	?	?	?	?	0
辰	?	?	?	?	?	0
涯	?	?	?	?	?	0
戈	?	?	?	?	?	0
坑	坑	坑	keng1	kēng	pit; hole; defraud	0
遮	?	?	?	?	?	0
擒	?	?	?	?	?	0
蠻	?	?	?	?	?	0
芷	?	?	?	?	?	0
堵	?	?	?	?	?	0
雇	?	?	?	?	?	0
挽	?	?	?	?	?	0
眠	?	?	?	?	?	0
吻	吻	吻	wen3	wěn	kiss; lips	0
孝	?	?	?	?	?	0
泊	?	?	?	?	?	0
撕	撕	撕	si1	sī	to tear (something)	0
虹	?	?	?	?	?	0
敘	?	?	?	?	?	0
粹	?	?	?	?	?	0
勉	?	?	?	?	?	0
竭	?	?	?	?	?	0
歪	歪	歪	wai1	wāi	askew; crooked; devious; recline to take a rest (colloquial)	0
慎	?	?	?	?	?	0
棵	棵	棵	ke1	kē	(mw for plants)	0
朴	?	?	?	?	?	0
械	?	?	?	?	?	0
溪	溪	溪	xi1	xī	creek	0
莉	?	?	?	?	?	0
斑	斑	斑	ban1	bān	variety; speckled; spot; colored patch; stripe	0
磕	磕	磕	ke1	kē	knock; tap	0
寡	?	?	?	?	?	0
循	?	?	?	?	?	0
斬	?	?	?	?	?	0
掠	?	?	?	?	?	0
呂	?	?	?	?	?	0
昔	?	?	?	?	?	0
郊	?	?	?	?	?	0
爵	?	?	?	?	?	0
徽	?	?	?	?	?	0
磁	?	?	?	?	?	0
俯	?	?	?	?	?	0
譚	?	?	?	?	?	0
鼎	?	?	?	?	?	0
拂	?	?	?	?	?	0
俺	?	?	?	?	?	0
嫂	?	?	?	?	?	0
帕	?	?	?	?	?	0
嗯	嗯	嗯	en1	ēn	(interjection expressing what?, huh? hmm? why? ok, etc.)	0
冻	凍	凍	dong4	dòng	to freeze	0
婉	?	?	?	?	?	0
桐	?	?	?	?	?	0
駱	?	?	?	?	?	0
泼	潑	潑	po1	pō	to splash; to spill; rude and unreasonable; brutish	0
匠	?	?	?	?	?	0
艇	?	?	?	?	?	0
謙	?	?	?	?	?	0
妓	?	?	?	?	?	0
菩	?	?	?	?	?	0
廁	?	?	?	?	?	0
俘	?	?	?	?	?	0
毅	?	?	?	?	?	0
嶺	?	?	?	?	?	0
丫	?	?	?	?	?	0
畏	?	?	?	?	?	0
湘	?	?	?	?	?	0
桶	?	?	?	?	?	0
嗓	?	?	?	?	?	0
煌	?	?	?	?	?	0
鮑	?	?	?	?	?	0
粒	粒	粒	li4	lì	a grain; granule; (mw for grain-like things)	0
巷	巷	巷	xiang4	xiàng	lane; alley	0
帘	?	?	?	?	?	0
秃	禿	禿	tu1	tū	bald; blunt	0
腊	?	?	?	?	?	0
倉	?	?	?	?	?	0
拐	?	?	?	?	?	0
綁	?	?	?	?	?	0
啥	啥	啥	sha2	shá	(spoken) what	0
薦	?	?	?	?	?	0
倪	?	?	?	?	?	0
瑟	?	?	?	?	?	0
廊	?	?	?	?	?	0
鴨	?	?	?	?	?	0
蜜	?	?	?	?	?	0
診	?	?	?	?	?	0
棚	?	?	?	?	?	0
掀	?	?	?	?	?	0
筒	?	?	?	?	?	0
媳	?	?	?	?	?	0
紋	?	?	?	?	?	0
秒	秒	秒	miao3	miǎo	second (unit of time or angle)	0
沾	?	?	?	?	?	0
龐	?	?	?	?	?	0
蹲	蹲	蹲	dun1	dūn	to crouch; to squat	0
騷	?	?	?	?	?	0
歧	?	?	?	?	?	0
艘	艘	艘	sou1	sōu	(mw for boats and ships)	0
芝	?	?	?	?	?	0
嘩	?	?	?	?	?	0
畝	?	?	?	?	?	0
券	?	?	?	?	?	0
趟	趟	趟	tang4, tang1	tàng, tāng	(mw for trips times) | to wade	0
巾	?	?	?	?	?	0
淫	?	?	?	?	?	0
謊	?	?	?	?	?	0
寞	?	?	?	?	?	0
灌	?	?	?	?	?	0
籃	?	?	?	?	?	0
妄	?	?	?	?	?	0
搁	擱	擱	ge1	gē	to place; put aside	0
侄	?	?	?	?	?	0
廂	?	?	?	?	?	0
叉	?	?	?	?	?	0
俞	?	?	?	?	?	0
伐	?	?	?	?	?	0
宰	宰	宰	zai3	zǎi	slaughter; butcher; govern; rule; imperial official in dynastic China	0
瞞	?	?	?	?	?	0
宙	?	?	?	?	?	0
腫	?	?	?	?	?	0
漆	?	?	?	?	?	0
怖	?	?	?	?	?	0
吾	?	?	?	?	?	0
吼	吼	吼	hou3	hǒu	roar; howl	0
僑	?	?	?	?	?	0
疊	?	?	?	?	?	0
嘯	?	?	?	?	?	0
罐	罐	罐	guan4	guàn	can; jar; pot; pitcher; jug	0
肆	?	?	?	?	?	0
裙	?	?	?	?	?	0
泣	?	?	?	?	?	0
脹	?	?	?	?	?	0
賦	?	?	?	?	?	0
熬	熬	熬	ao2	áo	endure; to boil	0
趁	趁	趁	chen4	chèn	avail oneself of; take advantage of (an opportunity or situation)	0
咳	?	?	?	?	?	0
愉	?	?	?	?	?	0
懇	?	?	?	?	?	0
辜	?	?	?	?	?	0
肌	?	?	?	?	?	0
嬰	?	?	?	?	?	0
羽	?	?	?	?	?	0
躬	?	?	?	?	?	0
斃	?	?	?	?	?	0
拘	?	?	?	?	?	0
叮	?	?	?	?	?	0
哇	哇	哇	wa	wa	wow; (sound of crying or surprise)	0
晴	晴	晴	qing2	qíng	clear; fine (as of weather)	0
謎	?	?	?	?	?	0
淮	?	?	?	?	?	0
旺	?	?	?	?	?	0
逸	?	?	?	?	?	0
瓊	?	?	?	?	?	0
姜	?	?	?	?	?	0
嗚	?	?	?	?	?	0
窜	竄	竄	cuan4	cuàn	to flee; to escape; run away	0
頒	?	?	?	?	?	0
薪	?	?	?	?	?	0
寨	?	?	?	?	?	0
尿	?	?	?	?	?	0
頰	?	?	?	?	?	0
逮	?	?	?	?	?	0
卜	?	?	?	?	?	0
昭	?	?	?	?	?	0
浸	?	?	?	?	?	0
刮	?	?	?	?	?	0
宛	?	?	?	?	?	0
囑	?	?	?	?	?	0
囊	?	?	?	?	?	0
寓	?	?	?	?	?	0
駁	?	?	?	?	?	0
倡	?	?	?	?	?	0
浴	?	?	?	?	?	0
咕	?	?	?	?	?	0
挪	挪	挪	nuo2	nuó	shift; move	0
搏	?	?	?	?	?	0
蓬	?	?	?	?	?	0
晌	?	?	?	?	?	0
渠	?	?	?	?	?	0
兜	兜	兜	dou1	dōu	pocket; bag; wrap up (in a piece of cloth); move around (in a circle); canvass (solicit); take responsibility	0
喃	?	?	?	?	?	0
夷	?	?	?	?	?	0
滬	?	?	?	?	?	0
賤	?	?	?	?	?	0
魄	?	?	?	?	?	0
舵	?	?	?	?	?	0
晰	?	?	?	?	?	0
僵	?	?	?	?	?	0
糕	?	?	?	?	?	0
裔	?	?	?	?	?	0
秩	?	?	?	?	?	0
倚	?	?	?	?	?	0
塌	塌	塌	ta1	tā	collapse; fall down; crumple	0
恍	?	?	?	?	?	0
鉤	?	?	?	?	?	0
嘲	?	?	?	?	?	0
傍	?	?	?	?	?	0
裕	?	?	?	?	?	0
煮	煮	煮	zhu3	zhǔ	to boil; to cook	0
乳	?	?	?	?	?	0
勿	勿	勿	wu4	wù	not; do not	0
竖	豎	豎	shu4	shù	vertical; to erect; vertical stroke	0
懲	?	?	?	?	?	0
睹	?	?	?	?	?	0
株	株	株	zhu1	zhū	stem; root; trunk; (mw for plants)	0
绣	繡	繡	xiu4	xiù	embroider; embroidery	0
妖	?	?	?	?	?	0
訝	?	?	?	?	?	0
咖	?	?	?	?	?	0
綱	?	?	?	?	?	0
胎	?	?	?	?	?	0
濱	?	?	?	?	?	0
耕	?	?	?	?	?	0
嗤	?	?	?	?	?	0
舱	艙	艙	cang1	cāng	cabin; hold (of a ship or airplane)	0
娛	?	?	?	?	?	0
匪	?	?	?	?	?	0
鴉	?	?	?	?	?	0
胃	胃	胃	wei4	wèi	stomach	0
躁	?	?	?	?	?	0
獅	?	?	?	?	?	0
砰	?	?	?	?	?	0
妮	?	?	?	?	?	0
凜	?	?	?	?	?	0
龜	?	?	?	?	?	0
裸	?	?	?	?	?	0
嫣	?	?	?	?	?	0
甫	?	?	?	?	?	0
窯	?	?	?	?	?	0
塘	?	?	?	?	?	0
纖	?	?	?	?	?	0
寵	?	?	?	?	?	0
鏈	?	?	?	?	?	0
拱	?	?	?	?	?	0
尹	?	?	?	?	?	0
掘	?	?	?	?	?	0
壩	?	?	?	?	?	0
狹	?	?	?	?	?	0
銘	?	?	?	?	?	0
淳	?	?	?	?	?	0
沐	?	?	?	?	?	0
馨	?	?	?	?	?	0
潘	?	?	?	?	?	0
甩	甩	甩	shuai3	shuǎi	to throw; to fling; to swing; cast off	0
榜	?	?	?	?	?	0
淵	?	?	?	?	?	0
羡	?	?	?	?	?	0
侮	?	?	?	?	?	0
卿	?	?	?	?	?	0
兀	?	?	?	?	?	0
喧	?	?	?	?	?	0
履	?	?	?	?	?	0
猴	?	?	?	?	?	0
枉	?	?	?	?	?	0
襯	?	?	?	?	?	0
畔	畔	畔	pan4	pàn	riverbank; side; boundary	0
凳	?	?	?	?	?	0
緬	?	?	?	?	?	0
弦	弦	弦	xian2	xián	bow string; string of musical instruments	0
畜	?	?	?	?	?	0
粞	?	?	?	?	?	0
溢	?	?	?	?	?	0
搂	摟	摟	lou3	lǒu	to hug; to embrace	0
乞	?	?	?	?	?	0
旬	?	?	?	?	?	0
縛	?	?	?	?	?	0
燦	?	?	?	?	?	0
輿	?	?	?	?	?	0
雁	?	?	?	?	?	0
倦	?	?	?	?	?	0
酬	?	?	?	?	?	0
韻	?	?	?	?	?	0
媚	?	?	?	?	?	0
堤	?	?	?	?	?	0
攀	?	?	?	?	?	0
竊	?	?	?	?	?	0
嫩	嫩	嫩	nen4	nèn	tender; inexperienced	0
遂	?	?	?	?	?	0
澄	?	?	?	?	?	0
偵	?	?	?	?	?	0
陝	?	?	?	?	?	0
陋	?	?	?	?	?	0
笨	笨	笨	ben4	bèn	stupid; foolish; silly; dumb; clumsy	0
匙	?	?	?	?	?	0
沫	?	?	?	?	?	0
耸	聳	聳	song3	sǒng	shrug; towering; shock (alarm)	0
踩	踩	踩	cai3	cǎi	step upon; to tread; to stamp	0
醬	?	?	?	?	?	0
壶	壺	壺	hu2	hú	pot; kettle; jug; (mw for bottled liquids)	0
啡	?	?	?	?	?	0
碌	?	?	?	?	?	0
痒	癢	癢	yang3	yǎng	to itch; itchy	0
鄙	?	?	?	?	?	0
殼	?	?	?	?	?	0
貞	?	?	?	?	?	0
霉	?	?	?	?	?	0
蠢	?	?	?	?	?	0
蘆	?	?	?	?	?	0
胳	?	?	?	?	?	0
矣	?	?	?	?	?	0
焰	?	?	?	?	?	0
脊	?	?	?	?	?	0
囚	?	?	?	?	?	0
輔	?	?	?	?	?	0
賬	?	?	?	?	?	0
佐	?	?	?	?	?	0
僚	?	?	?	?	?	0
雀	?	?	?	?	?	0
撰	?	?	?	?	?	0
耍	耍	耍	shua3	shuǎ	play/mess around with; juggle	0
枕	?	?	?	?	?	0
捡	撿	撿	jian3	jiǎn	to pick up; collect; gather	0
涵	?	?	?	?	?	0
逗	逗	逗	dou4	dòu	to tease; amuse; to stay; to stop; funny	0
糞	?	?	?	?	?	0
朦	?	?	?	?	?	0
肝	?	?	?	?	?	0
蒸	?	?	?	?	?	0
濫	?	?	?	?	?	0
筷	?	?	?	?	?	0
潰	?	?	?	?	?	0
隸	?	?	?	?	?	0
烤	?	?	?	?	?	0
缸	?	?	?	?	?	0
弓	?	?	?	?	?	0
潭	?	?	?	?	?	0
曠	?	?	?	?	?	0
哎	哎	哎	ai1	āi	hey!; (interjection of surprise or dissatisfaction)	0
峻	?	?	?	?	?	0
爪	?	?	?	?	?	0
怯	?	?	?	?	?	0
茂	?	?	?	?	?	0
芒	?	?	?	?	?	0
肢	?	?	?	?	?	0
稻	?	?	?	?	?	0
兔	?	?	?	?	?	0
圾	?	?	?	?	?	0
喻	?	?	?	?	?	0
框	?	?	?	?	?	0
繳	?	?	?	?	?	0
蹈	?	?	?	?	?	0
哨	哨	哨	shao4	shào	a whistle; sentry post	0
穎	?	?	?	?	?	0
菊	?	?	?	?	?	0
喀	?	?	?	?	?	0
妝	?	?	?	?	?	0
淹	?	?	?	?	?	0
瓷	?	?	?	?	?	0
淀	?	?	?	?	?	0
蠟	?	?	?	?	?	0
嚼	?	?	?	?	?	0
劑	?	?	?	?	?	0
逛	逛	逛	guang4	guàng	to stroll; to visit; go window shopping	0
驟	?	?	?	?	?	0
暑	?	?	?	?	?	0
襟	?	?	?	?	?	0
廬	?	?	?	?	?	0
蘋	?	?	?	?	?	0
晒	曬	曬	shai4	shài	to dry in the sun; shine upon; to sun; bask	0
悼	?	?	?	?	?	0
昧	?	?	?	?	?	0
攏	?	?	?	?	?	0
函	?	?	?	?	?	0
朧	?	?	?	?	?	0
膠	?	?	?	?	?	0
抒	?	?	?	?	?	0
乒	?	?	?	?	?	0
諷	?	?	?	?	?	0
歹	?	?	?	?	?	0
旱	?	?	?	?	?	0
葡	?	?	?	?	?	0
惟	?	?	?	?	?	0
拣	揀	揀	jian3	jiǎn	choose; select; sort out	0
耿	?	?	?	?	?	0
廿	?	?	?	?	?	0
樁	?	?	?	?	?	0
乙	乙	乙	yi3	yǐ	two; twist (2nd Heavenly Stem) (Kangxi radical 5)	0
謠	?	?	?	?	?	0
坠	墜	墜	zhui4	zhuì	fall; drop	0
滯	?	?	?	?	?	0
孕	?	?	?	?	?	0
誦	?	?	?	?	?	0
梳	?	?	?	?	?	0
岡	?	?	?	?	?	0
肺	肺	肺	fei4	fèi	lung	0
丸	丸	丸	wan2	wán	pill; pellet	0
霜	?	?	?	?	?	0
汁	?	?	?	?	?	0
紗	?	?	?	?	?	0
銜	?	?	?	?	?	0
膩	?	?	?	?	?	0
甸	?	?	?	?	?	0
啤	?	?	?	?	?	0
坎	?	?	?	?	?	0
稼	?	?	?	?	?	0
禾	?	?	?	?	?	0
愣	愣	愣	leng4	lèng	dumbfounded; stupefied; distracted; (spoken) blunt; rash	0
脂	?	?	?	?	?	0
萄	?	?	?	?	?	0
捞	撈	撈	lao1	lāo	dredge up; fish up	0
攪	?	?	?	?	?	0
屑	屑	屑	xie4	xiè	crumbs; filings; worth while	0
伞	傘	傘	san3	sǎn	umbrella; parasol	0
蝶	?	?	?	?	?	0
鑄	?	?	?	?	?	0
軀	?	?	?	?	?	0
稚	?	?	?	?	?	0
腥	腥	腥	xing1	xīng	fishy (smell)	0
藤	?	?	?	?	?	0
陡	?	?	?	?	?	0
烫	燙	燙	tang4	tàng	to scald; to burn; scalding hot; to iron	0
梨	梨	梨	li2	lí	pear	0
哦	哦	哦	o4	ò	oh (indicates understanding)	0
漿	?	?	?	?	?	0
僻	?	?	?	?	?	0
坊	?	?	?	?	?	0
焉	?	?	?	?	?	0
隙	?	?	?	?	?	0
淘	?	?	?	?	?	0
垮	?	?	?	?	?	0
滔	?	?	?	?	?	0
釀	?	?	?	?	?	0
鵝	?	?	?	?	?	0
茲	?	?	?	?	?	0
搗	?	?	?	?	?	0
栋	棟	棟	dong4	dòng	roof beam; (mw for buildings)	0
瑰	?	?	?	?	?	0
敞	?	?	?	?	?	0
癌	?	?	?	?	?	0
纜	?	?	?	?	?	0
爍	?	?	?	?	?	0
玫	?	?	?	?	?	0
詐	?	?	?	?	?	0
煞	?	?	?	?	?	0
膜	膜	膜	mo2	mó	membrane; film	0
焚	?	?	?	?	?	0
粘	?	?	?	?	?	0
摧	?	?	?	?	?	0
疫	?	?	?	?	?	0
幢	幢	幢	zhuang4	zhuàng	(mw for houses, buildings); tent	0
汝	?	?	?	?	?	0
毯	?	?	?	?	?	0
挫	?	?	?	?	?	0
紡	?	?	?	?	?	0
朽	?	?	?	?	?	0
锤	錘	錘	chui2	chuí	hammer; weight	0
兌	?	?	?	?	?	0
辮	?	?	?	?	?	0
墮	?	?	?	?	?	0
笛	?	?	?	?	?	0
覓	?	?	?	?	?	0
蔽	?	?	?	?	?	0
諧	?	?	?	?	?	0
氓	?	?	?	?	?	0
蔑	?	?	?	?	?	0
沸	?	?	?	?	?	0
藉	?	?	?	?	?	0
卸	?	?	?	?	?	0
熄	?	?	?	?	?	0
扁	扁	扁	bian3	biǎn	flat	0
炭	?	?	?	?	?	0
慷	?	?	?	?	?	0
篷	?	?	?	?	?	0
眨	眨	眨	zha3	zhǎ	wink; blink	0
譬	?	?	?	?	?	0
叨	?	?	?	?	?	0
蔬	?	?	?	?	?	0
綢	?	?	?	?	?	0
婿	?	?	?	?	?	0
寥	?	?	?	?	?	0
浇	澆	澆	jiao1	jiāo	to water; irrigate; to pour; to sprinkle	0
乓	?	?	?	?	?	0
膏	?	?	?	?	?	0
膛	?	?	?	?	?	0
琢	?	?	?	?	?	0
啪	?	?	?	?	?	0
淑	?	?	?	?	?	0
叭	?	?	?	?	?	0
弊	?	?	?	?	?	0
灶	?	?	?	?	?	0
醋	醋	醋	cu4	cù	vinegar	0
斌	?	?	?	?	?	0
奠	?	?	?	?	?	0
屯	?	?	?	?	?	0
膨	?	?	?	?	?	0
淪	?	?	?	?	?	0
縷	?	?	?	?	?	0
壤	?	?	?	?	?	0
冶	?	?	?	?	?	0
暇	?	?	?	?	?	0
揉	揉	揉	rou2	róu	knead; to massage; to rub	0
蘿	?	?	?	?	?	0
翔	?	?	?	?	?	0
蛛	?	?	?	?	?	0
栗	?	?	?	?	?	0
蔭	?	?	?	?	?	0
譏	?	?	?	?	?	0
蔥	?	?	?	?	?	0
鞏	?	?	?	?	?	0
粥	粥	粥	zhou1	zhōu	porridge; congee; gruel	0
齋	?	?	?	?	?	0
迄	?	?	?	?	?	0
幟	?	?	?	?	?	0
菌	?	?	?	?	?	0
鉛	?	?	?	?	?	0
賄	?	?	?	?	?	0
絨	?	?	?	?	?	0
侶	?	?	?	?	?	0
鍛	?	?	?	?	?	0
譴	?	?	?	?	?	0
洶	?	?	?	?	?	0
敷	?	?	?	?	?	0
宵	?	?	?	?	?	0
諱	?	?	?	?	?	0
鑼	?	?	?	?	?	0
撼	?	?	?	?	?	0
亨	?	?	?	?	?	0
淌	?	?	?	?	?	0
扛	扛	扛	kang2	káng	to carry on one's shoulder	0
杉	?	?	?	?	?	0
燥	?	?	?	?	?	0
勻	?	?	?	?	?	0
渺	?	?	?	?	?	0
碟	?	?	?	?	?	0
嵌	?	?	?	?	?	0
沃	?	?	?	?	?	0
剖	?	?	?	?	?	0
姬	?	?	?	?	?	0
綽	?	?	?	?	?	0
嗦	?	?	?	?	?	0
絞	?	?	?	?	?	0
軸	?	?	?	?	?	0
壘	?	?	?	?	?	0
噪	?	?	?	?	?	0
蘊	?	?	?	?	?	0
邵	?	?	?	?	?	0
咋	咋	咋	za3	zǎ	how/why (contraction of 怎么)	0
坪	?	?	?	?	?	0
傭	?	?	?	?	?	0
卵	?	?	?	?	?	0
晝	?	?	?	?	?	0
憋	憋	憋	bie1	biē	hold in (urine); hold (breath); choke	0
奎	?	?	?	?	?	0
捂	?	?	?	?	?	0
煎	煎	煎	jian1	jiān	pan-fry; fry in shallow oil	0
瞅	?	?	?	?	?	0
蝕	?	?	?	?	?	0
熔	?	?	?	?	?	0
蝦	?	?	?	?	?	0
謬	?	?	?	?	?	0
紳	?	?	?	?	?	0
鑲	?	?	?	?	?	0
聾	?	?	?	?	?	0
募	?	?	?	?	?	0
壟	?	?	?	?	?	0
彥	?	?	?	?	?	0
翘	翹	翹	qiao4	qiào	stick up; bend upwards	0
趴	趴	趴	pa1	pā	lie on one's stomach	0
杏	?	?	?	?	?	0
彰	?	?	?	?	?	0
闡	?	?	?	?	?	0
訟	?	?	?	?	?	0
樞	?	?	?	?	?	0
嶄	?	?	?	?	?	0
蒲	?	?	?	?	?	0
瀉	?	?	?	?	?	0
儉	?	?	?	?	?	0
橡	?	?	?	?	?	0
溶	?	?	?	?	?	0
瀑	?	?	?	?	?	0
扒	扒	扒	ba1	bā	dig up; pull down; take off	0
琛	?	?	?	?	?	0
